,path,numpy,prompt,clip_scores
0,/dbfs/mnt/raw/output_images/stable-diffusion-2/Artist-Justin-Bieber-sitting-comfortably-on-a-chair-wearing-Hugo-Boss-boxers/seed1001_0.jpg,"[[[175 133 111]
  [172 130 108]
  [167 126 104]
  ...
  [ 88 108 109]
  [ 93 113 114]
  [ 93 113 114]]

 [[173 131 109]
  [170 128 106]
  [166 125 103]
  ...
  [ 88 108 109]
  [ 89 109 110]
  [ 89 109 110]]

 [[172 130 108]
  [170 128 106]
  [167 126 104]
  ...
  [ 88 108 109]
  [ 96 116 117]
  [102 122 123]]

 ...

 [[193 165 144]
  [193 165 144]
  [194 166 145]
  ...
  [197 171 156]
  [197 171 156]
  [197 171 156]]

 [[193 165 144]
  [193 165 144]
  [194 166 145]
  ...
  [197 171 156]
  [199 173 158]
  [201 175 160]]

 [[197 169 148]
  [196 168 147]
  [196 168 147]
  ...
  [198 172 157]
  [202 176 161]
  [204 178 163]]]",Artist Justin Bieber sitting comfortably on a chair wearing Hugo Boss boxers,34.7458
1,/dbfs/mnt/raw/output_images/stable-diffusion-2/Artist-Justin-Bieber-sitting-comfortably-on-a-chair-wearing-Hugo-Boss-boxers/seed1001_1.jpg,"[[[120 122 117]
  [140 142 137]
  [160 162 159]
  ...
  [192 193 188]
  [194 195 190]
  [195 196 191]]

 [[120 122 117]
  [139 141 136]
  [160 162 159]
  ...
  [193 194 189]
  [195 196 191]
  [197 198 193]]

 [[121 123 118]
  [139 141 136]
  [158 160 157]
  ...
  [197 198 193]
  [198 199 194]
  [199 200 195]]

 ...

 [[142 127 120]
  [140 125 118]
  [140 125 118]
  ...
  [112 114 113]
  [118 120 119]
  [122 124 123]]

 [[145 130 123]
  [142 127 120]
  [142 127 120]
  ...
  [114 116 115]
  [117 119 118]
  [116 118 117]]

 [[146 131 124]
  [143 128 121]
  [142 127 120]
  ...
  [120 122 121]
  [119 121 120]
  [114 116 115]]]",Artist Justin Bieber sitting comfortably on a chair wearing Hugo Boss boxers,38.9725
2,/dbfs/mnt/raw/output_images/stable-diffusion-2/Artist-Justin-Bieber-sitting-comfortably-on-a-chair-wearing-Hugo-Boss-boxers/seed1001_2.jpg,"[[[ 99 100  95]
  [ 99 100  95]
  [ 99 100  95]
  ...
  [105 106 101]
  [105 106 101]
  [105 106 101]]

 [[ 99 100  95]
  [ 99 100  95]
  [ 99 100  95]
  ...
  [105 106 101]
  [105 106 101]
  [105 106 101]]

 [[ 99 100  95]
  [ 99 100  95]
  [ 99 100  95]
  ...
  [105 106 101]
  [105 106 101]
  [105 106 101]]

 ...

 [[172 177 173]
  [172 177 173]
  [172 177 173]
  ...
  [169 174 170]
  [169 174 170]
  [170 175 171]]

 [[173 178 174]
  [173 178 174]
  [171 176 172]
  ...
  [169 174 170]
  [170 175 171]
  [170 175 171]]

 [[175 180 176]
  [173 178 174]
  [171 176 172]
  ...
  [170 175 171]
  [170 175 171]
  [170 175 171]]]",Artist Justin Bieber sitting comfortably on a chair wearing Hugo Boss boxers,36.8054
3,/dbfs/mnt/raw/output_images/stable-diffusion-2/Artist-Justin-Bieber-sitting-comfortably-on-a-chair-wearing-Hugo-Boss-boxers/seed1001_3.jpg,"[[[198 185 169]
  [197 184 168]
  [196 183 167]
  ...
  [216 213 206]
  [217 214 207]
  [217 214 207]]

 [[195 182 166]
  [193 180 164]
  [191 178 162]
  ...
  [216 213 206]
  [216 213 206]
  [215 212 205]]

 [[195 182 166]
  [191 178 162]
  [188 175 159]
  ...
  [216 213 206]
  [214 211 204]
  [213 210 203]]

 ...

 [[  9  13  16]
  [  9  13  16]
  [ 10  14  17]
  ...
  [ 37  38  40]
  [ 37  38  40]
  [ 37  38  40]]

 [[  8  12  15]
  [  8  12  15]
  [  9  13  16]
  ...
  [ 35  36  38]
  [ 35  36  38]
  [ 34  35  37]]

 [[  7  11  14]
  [  7  11  14]
  [  7  11  14]
  ...
  [ 33  34  36]
  [ 33  34  36]
  [ 32  33  35]]]",Artist Justin Bieber sitting comfortably on a chair wearing Hugo Boss boxers,33.8178
4,/dbfs/mnt/raw/output_images/stable-diffusion-2/Huge-Under-Armour-running-shoes-on-the-running-track/seed1001_0.jpg,"[[[195  92 181]
  [195  92 181]
  [194  91 180]
  ...
  [ 25 200 227]
  [ 29 200 226]
  [ 27 197 223]]

 [[196  93 182]
  [196  93 182]
  [195  92 181]
  ...
  [ 16 200 226]
  [ 21 199 225]
  [ 20 196 220]]

 [[197  94 183]
  [197  94 183]
  [196  93 182]
  ...
  [ 10 205 227]
  [ 13 203 225]
  [ 12 198 221]]

 ...

 [[150 140  68]
  [136 126  54]
  [138 128  56]
  ...
  [187 173 126]
  [154 140  93]
  [173 159 114]]

 [[136 126  54]
  [151 141  69]
  [165 155  83]
  ...
  [176 162 113]
  [145 131  84]
  [179 165 118]]

 [[148 139  64]
  [164 154  82]
  [163 153  81]
  ...
  [171 157 108]
  [134 120  73]
  [150 136  89]]]",Huge Under Armour running shoes on the running track,34.9784
5,/dbfs/mnt/raw/output_images/stable-diffusion-2/Huge-Under-Armour-running-shoes-on-the-running-track/seed1001_1.jpg,"[[[121 122 124]
  [120 121 123]
  [122 123 125]
  ...
  [106 110 111]
  [107 111 112]
  [108 112 113]]

 [[124 125 127]
  [120 121 123]
  [122 123 125]
  ...
  [110 114 115]
  [114 118 119]
  [115 119 120]]

 [[127 128 130]
  [121 122 124]
  [122 123 125]
  ...
  [105 109 110]
  [110 114 115]
  [112 116 117]]

 ...

 [[ 91  92  94]
  [106 107 109]
  [100 101 103]
  ...
  [ 46  47  49]
  [ 57  58  60]
  [ 90  91  93]]

 [[102 103 105]
  [ 93  94  96]
  [ 86  87  89]
  ...
  [ 28  29  31]
  [ 49  50  52]
  [ 73  74  76]]

 [[106 107 109]
  [ 88  89  91]
  [ 80  81  83]
  ...
  [ 38  39  41]
  [ 67  68  70]
  [ 68  69  71]]]",Huge Under Armour running shoes on the running track,29.723
6,/dbfs/mnt/raw/output_images/stable-diffusion-2/Huge-Under-Armour-running-shoes-on-the-running-track/seed1001_2.jpg,"[[[ 11   6   2]
  [ 11   6   2]
  [ 10   5   1]
  ...
  [133 146 139]
  [117 129 125]
  [109 121 117]]

 [[ 11   6   2]
  [ 11   6   2]
  [ 10   5   1]
  ...
  [131 142 136]
  [114 126 122]
  [107 119 115]]

 [[ 11   6   2]
  [ 11   6   2]
  [ 10   5   1]
  ...
  [131 142 136]
  [116 127 123]
  [112 123 119]]

 ...

 [[ 98 108  97]
  [ 84  94  83]
  [ 77  87  76]
  ...
  [167 174 158]
  [158 165 149]
  [148 152 137]]

 [[ 95 105  94]
  [ 87  97  86]
  [ 82  92  81]
  ...
  [163 170 154]
  [154 158 143]
  [139 143 128]]

 [[100 110  99]
  [ 99 109  98]
  [ 98 108  97]
  ...
  [156 160 143]
  [144 148 131]
  [129 132 115]]]",Huge Under Armour running shoes on the running track,30.2043
7,/dbfs/mnt/raw/output_images/stable-diffusion-2/Huge-Under-Armour-running-shoes-on-the-running-track/seed1001_3.jpg,"[[[114 111 106]
  [114 111 106]
  [114 111 106]
  ...
  [ 89  88  84]
  [ 87  86  82]
  [ 85  84  80]]

 [[113 110 105]
  [112 109 104]
  [112 109 104]
  ...
  [ 87  86  82]
  [ 85  84  80]
  [ 83  82  78]]

 [[111 108 103]
  [110 107 102]
  [110 107 102]
  ...
  [ 85  84  80]
  [ 82  81  77]
  [ 81  80  76]]

 ...

 [[ 23  27  30]
  [ 28  32  35]
  [ 29  33  36]
  ...
  [ 94  94  94]
  [ 98  98  98]
  [ 91  91  91]]

 [[ 40  44  47]
  [ 41  45  48]
  [ 38  42  45]
  ...
  [ 75  75  75]
  [ 81  81  81]
  [ 77  77  77]]

 [[ 54  58  61]
  [ 50  54  57]
  [ 42  46  49]
  ...
  [ 56  56  56]
  [ 65  65  65]
  [ 65  65  65]]]",Huge Under Armour running shoes on the running track,35.6227
8,/dbfs/mnt/raw/output_images/stable-diffusion-2/Model-photoshot-side-view-of-Tommy-Hilfiger-hoodie/seed1001_0.jpg,"[[[177 159 157]
  [174 156 154]
  [171 153 151]
  ...
  [213 213 215]
  [213 213 215]
  [213 213 215]]

 [[179 161 159]
  [176 158 156]
  [173 155 153]
  ...
  [213 213 215]
  [213 213 215]
  [213 213 215]]

 [[181 163 161]
  [178 160 158]
  [175 157 155]
  ...
  [213 213 215]
  [213 213 215]
  [213 213 215]]

 ...

 [[185 167 165]
  [184 166 164]
  [182 164 162]
  ...
  [213 213 211]
  [217 217 215]
  [218 218 216]]

 [[184 166 164]
  [183 165 163]
  [183 165 163]
  ...
  [217 217 215]
  [220 220 218]
  [215 215 213]]

 [[182 164 162]
  [182 164 162]
  [182 164 162]
  ...
  [220 220 218]
  [221 221 219]
  [213 213 211]]]",Model photoshot side view of Tommy Hilfiger hoodie,33.9037
9,/dbfs/mnt/raw/output_images/stable-diffusion-2/Model-photoshot-side-view-of-Tommy-Hilfiger-hoodie/seed1001_1.jpg,"[[[161 161 161]
  [162 162 162]
  [162 162 162]
  ...
  [156 156 156]
  [155 155 155]
  [155 155 155]]

 [[163 163 163]
  [163 163 163]
  [162 162 162]
  ...
  [157 157 157]
  [157 157 157]
  [157 157 157]]

 [[164 164 164]
  [162 162 162]
  [160 160 160]
  ...
  [158 158 158]
  [159 159 159]
  [159 159 159]]

 ...

 [[165 165 165]
  [160 160 160]
  [156 156 156]
  ...
  [146 146 146]
  [152 152 152]
  [155 155 155]]

 [[165 165 165]
  [162 162 162]
  [161 161 161]
  ...
  [144 144 144]
  [150 150 150]
  [158 158 158]]

 [[164 164 164]
  [166 166 166]
  [167 167 167]
  ...
  [147 147 147]
  [147 147 147]
  [153 153 153]]]",Model photoshot side view of Tommy Hilfiger hoodie,30.4785
10,/dbfs/mnt/raw/output_images/stable-diffusion-2/Model-photoshot-side-view-of-Tommy-Hilfiger-hoodie/seed1001_2.jpg,"[[[130 129 127]
  [130 129 127]
  [130 129 127]
  ...
  [131 131 129]
  [131 131 129]
  [131 131 129]]

 [[130 129 127]
  [130 129 127]
  [130 129 127]
  ...
  [131 131 129]
  [131 131 129]
  [131 131 129]]

 [[130 129 127]
  [130 129 127]
  [130 129 127]
  ...
  [131 131 129]
  [131 131 129]
  [131 131 129]]

 ...

 [[145 144 142]
  [145 144 142]
  [145 144 142]
  ...
  [157 157 155]
  [157 157 155]
  [157 157 155]]

 [[145 144 142]
  [145 144 142]
  [145 144 142]
  ...
  [157 157 155]
  [157 157 155]
  [157 157 155]]

 [[145 144 142]
  [145 144 142]
  [145 144 142]
  ...
  [157 157 155]
  [157 157 155]
  [157 157 155]]]",Model photoshot side view of Tommy Hilfiger hoodie,32.5804
11,/dbfs/mnt/raw/output_images/stable-diffusion-2/Model-photoshot-side-view-of-Tommy-Hilfiger-hoodie/seed1001_3.jpg,"[[[231 219 193]
  [231 219 193]
  [231 219 193]
  ...
  [231 219 197]
  [231 219 197]
  [231 219 197]]

 [[231 219 193]
  [231 219 193]
  [231 219 193]
  ...
  [231 219 197]
  [231 219 197]
  [231 219 197]]

 [[231 219 193]
  [231 219 193]
  [231 219 193]
  ...
  [231 219 197]
  [231 219 197]
  [231 219 197]]

 ...

 [[ 32  42  67]
  [ 33  43  68]
  [ 34  44  69]
  ...
  [ 58  59  77]
  [ 58  59  77]
  [ 56  57  75]]

 [[ 32  42  67]
  [ 34  44  69]
  [ 35  45  70]
  ...
  [ 58  59  77]
  [ 56  57  75]
  [ 54  55  73]]

 [[ 31  41  66]
  [ 33  43  68]
  [ 34  44  69]
  ...
  [ 55  56  74]
  [ 52  53  71]
  [ 49  50  68]]]",Model photoshot side view of Tommy Hilfiger hoodie,34.5263
12,/dbfs/mnt/raw/output_images/stable-diffusion-2/New-organic-running-shoes-for-Under-Armour/seed1001_0.jpg,"[[[150 142  77]
  [153 145  80]
  [153 148  82]
  ...
  [ 52 233 216]
  [ 55 234 215]
  [ 45 224 203]]

 [[157 149  84]
  [158 150  85]
  [156 151  83]
  ...
  [ 52 234 219]
  [ 56 237 218]
  [ 52 233 214]]

 [[161 154  86]
  [160 153  85]
  [157 150  80]
  ...
  [ 46 231 217]
  [ 48 233 215]
  [ 52 235 217]]

 ...

 [[155 152  55]
  [160 157  60]
  [153 150  53]
  ...
  [213 180 139]
  [201 169 128]
  [199 167 126]]

 [[150 148  48]
  [168 166  66]
  [175 172  75]
  ...
  [180 148 109]
  [172 140 101]
  [205 173 134]]

 [[170 168  68]
  [179 177  77]
  [174 171  74]
  ...
  [174 142 104]
  [163 131  93]
  [180 148 110]]]",New organic running shoes for Under Armour,34.6388
13,/dbfs/mnt/raw/output_images/stable-diffusion-2/New-organic-running-shoes-for-Under-Armour/seed1001_1.jpg,"[[[139 127 115]
  [142 130 118]
  [148 136 124]
  ...
  [ 90  89  69]
  [ 90  89  69]
  [ 90  89  69]]

 [[143 131 119]
  [140 128 116]
  [140 128 116]
  ...
  [107 106  88]
  [103 102  84]
  [102 101  81]]

 [[144 132 120]
  [136 124 112]
  [133 121 109]
  ...
  [122 121 103]
  [115 114  96]
  [113 112  94]]

 ...

 [[105 103 104]
  [122 120 121]
  [119 117 118]
  ...
  [ 86  84  85]
  [101  99 100]
  [111 109 110]]

 [[128 126 127]
  [134 132 133]
  [116 114 115]
  ...
  [ 63  61  62]
  [ 80  78  79]
  [ 95  93  94]]

 [[120 118 119]
  [131 129 130]
  [113 111 112]
  ...
  [ 97  95  96]
  [101  99 100]
  [ 97  95  96]]]",New organic running shoes for Under Armour,31.8811
14,/dbfs/mnt/raw/output_images/stable-diffusion-2/New-organic-running-shoes-for-Under-Armour/seed1001_2.jpg,"[[[ 78  59  29]
  [ 77  60  32]
  [ 68  53  30]
  ...
  [158 134 100]
  [154 130  96]
  [152 128  94]]

 [[ 84  65  33]
  [ 83  66  36]
  [ 74  58  33]
  ...
  [157 133  99]
  [154 130  96]
  [152 128  94]]

 [[ 90  70  35]
  [ 90  71  38]
  [ 79  64  33]
  ...
  [156 132  98]
  [153 129  95]
  [152 128  94]]

 ...

 [[167 150 122]
  [162 145 117]
  [157 140 112]
  ...
  [183 167 141]
  [175 159 133]
  [162 146 120]]

 [[165 148 120]
  [163 146 118]
  [161 144 116]
  ...
  [185 169 143]
  [177 161 135]
  [161 145 119]]

 [[170 153 125]
  [169 152 124]
  [167 150 122]
  ...
  [178 162 136]
  [171 155 129]
  [154 138 112]]]",New organic running shoes for Under Armour,31.7228
15,/dbfs/mnt/raw/output_images/stable-diffusion-2/New-organic-running-shoes-for-Under-Armour/seed1001_3.jpg,"[[[154 128 113]
  [151 125 110]
  [149 123 108]
  ...
  [ 76  64  52]
  [ 77  65  53]
  [ 78  66  54]]

 [[154 128 113]
  [151 125 110]
  [148 122 107]
  ...
  [ 76  64  52]
  [ 76  64  52]
  [ 77  65  53]]

 [[153 127 112]
  [150 124 109]
  [147 121 106]
  ...
  [ 77  65  53]
  [ 76  64  52]
  [ 75  63  51]]

 ...

 [[  5   5   3]
  [  5   5   3]
  [  5   5   3]
  ...
  [ 74  57  49]
  [ 73  56  48]
  [ 72  55  47]]

 [[  4   4   2]
  [  4   4   2]
  [  4   4   2]
  ...
  [ 75  58  50]
  [ 73  56  48]
  [ 71  54  46]]

 [[  3   3   1]
  [  3   3   1]
  [  3   3   1]
  ...
  [ 73  56  48]
  [ 71  54  46]
  [ 69  52  44]]]",New organic running shoes for Under Armour,31.9985
16,/dbfs/mnt/raw/output_images/stable-diffusion-2/Nike-Air-Force-1-Low-X-Billie-Eilish-'Triple-White'/seed1001_0.jpg,"[[[173 145 167]
  [166 138 160]
  [160 131 153]
  ...
  [ 72  72  72]
  [ 74  74  74]
  [ 78  78  78]]

 [[169 141 163]
  [164 136 158]
  [162 133 155]
  ...
  [ 77  77  77]
  [ 82  82  82]
  [ 87  87  87]]

 [[164 136 158]
  [164 136 158]
  [165 136 158]
  ...
  [ 75  75  75]
  [ 81  81  81]
  [ 86  86  86]]

 ...

 [[144 134 122]
  [143 133 121]
  [145 135 123]
  ...
  [158 154 143]
  [154 150 139]
  [145 141 130]]

 [[141 131 119]
  [149 139 127]
  [152 142 130]
  ...
  [152 148 137]
  [153 149 138]
  [149 145 134]]

 [[143 133 121]
  [154 144 132]
  [156 146 134]
  ...
  [145 141 130]
  [152 148 137]
  [153 149 138]]]",Nike Air Force 1 Low X Billie Eilish 'Triple White',35.665
17,/dbfs/mnt/raw/output_images/stable-diffusion-2/Nike-Air-Force-1-Low-X-Billie-Eilish-'Triple-White'/seed1001_1.jpg,"[[[120 119 117]
  [122 121 119]
  [123 122 120]
  ...
  [114 114 112]
  [115 115 113]
  [116 116 114]]

 [[121 120 118]
  [123 122 120]
  [124 123 121]
  ...
  [114 114 112]
  [115 115 113]
  [116 116 114]]

 [[123 122 120]
  [123 122 120]
  [124 123 121]
  ...
  [116 116 114]
  [117 117 115]
  [118 118 116]]

 ...

 [[ 79  79  77]
  [104 104 102]
  [113 113 111]
  ...
  [ 95  94  92]
  [100  99  97]
  [104 103 101]]

 [[ 94  94  92]
  [114 114 112]
  [115 115 113]
  ...
  [ 72  71  69]
  [ 99  98  96]
  [106 105 103]]

 [[ 97  97  95]
  [104 104 102]
  [ 90  90  88]
  ...
  [ 74  73  71]
  [ 94  93  91]
  [ 78  77  75]]]",Nike Air Force 1 Low X Billie Eilish 'Triple White',30.6419
18,/dbfs/mnt/raw/output_images/stable-diffusion-2/Nike-Air-Force-1-Low-X-Billie-Eilish-'Triple-White'/seed1001_2.jpg,"[[[100  92  79]
  [100  92  79]
  [ 99  91  78]
  ...
  [134 124 112]
  [131 121 109]
  [130 120 108]]

 [[103  95  82]
  [102  94  81]
  [101  93  80]
  ...
  [133 123 111]
  [131 121 109]
  [129 119 107]]

 [[106  98  85]
  [105  97  84]
  [104  96  83]
  ...
  [132 122 110]
  [130 120 108]
  [129 119 107]]

 ...

 [[146 137 122]
  [142 133 118]
  [138 129 114]
  ...
  [176 168 157]
  [174 166 155]
  [168 160 149]]

 [[144 135 120]
  [143 134 119]
  [141 132 117]
  ...
  [180 172 161]
  [178 170 159]
  [171 163 152]]

 [[147 138 123]
  [147 138 123]
  [147 138 123]
  ...
  [181 173 162]
  [179 171 160]
  [172 164 153]]]",Nike Air Force 1 Low X Billie Eilish 'Triple White',34.1149
19,/dbfs/mnt/raw/output_images/stable-diffusion-2/Nike-Air-Force-1-Low-X-Billie-Eilish-'Triple-White'/seed1001_3.jpg,"[[[151 139 125]
  [149 137 123]
  [148 136 122]
  ...
  [128 124 112]
  [126 122 110]
  [124 120 108]]

 [[155 143 129]
  [152 140 126]
  [148 136 122]
  ...
  [127 123 111]
  [127 123 111]
  [126 122 110]]

 [[158 146 132]
  [154 142 128]
  [148 136 122]
  ...
  [125 121 109]
  [126 122 110]
  [129 125 113]]

 ...

 [[ 18  19  14]
  [ 30  31  26]
  [ 37  38  33]
  ...
  [ 48  47  45]
  [ 46  45  43]
  [ 43  42  40]]

 [[ 26  27  22]
  [ 36  37  32]
  [ 37  38  33]
  ...
  [ 35  34  32]
  [ 34  33  31]
  [ 31  30  28]]

 [[ 26  27  22]
  [ 33  34  29]
  [ 29  30  25]
  ...
  [ 32  31  29]
  [ 30  29  27]
  [ 29  28  26]]]",Nike Air Force 1 Low X Billie Eilish 'Triple White',31.3789
20,/dbfs/mnt/raw/output_images/stable-diffusion-2/Pride-collection-of-Tommy-Hilfiger-shorts/seed1001_0.jpg,"[[[223 208 205]
  [222 208 207]
  [220 209 207]
  ...
  [  9 133  99]
  [ 10 134 100]
  [ 11 135 101]]

 [[222 208 207]
  [220 209 207]
  [219 209 208]
  ...
  [  9 133  99]
  [ 10 134 100]
  [ 11 135 101]]

 [[220 208 208]
  [220 208 208]
  [218 210 208]
  ...
  [  9 133  99]
  [ 10 134 100]
  [ 10 134 100]]

 ...

 [[230  32   6]
  [230  32   6]
  [230  32   6]
  ...
  [182 180 183]
  [182 180 183]
  [182 180 183]]

 [[230  32   6]
  [230  32   6]
  [230  32   6]
  ...
  [183 181 184]
  [184 182 185]
  [184 182 185]]

 [[230  32   6]
  [230  32   6]
  [230  32   6]
  ...
  [185 183 186]
  [185 183 186]
  [186 184 187]]]",Pride collection of Tommy Hilfiger shorts,37.0559
21,/dbfs/mnt/raw/output_images/stable-diffusion-2/Pride-collection-of-Tommy-Hilfiger-shorts/seed1001_1.jpg,"[[[171 171 169]
  [167 167 165]
  [166 166 164]
  ...
  [163 164 159]
  [167 168 163]
  [171 172 167]]

 [[171 171 169]
  [169 169 167]
  [162 162 160]
  ...
  [183 184 179]
  [180 181 176]
  [175 176 171]]

 [[164 164 162]
  [172 172 170]
  [166 166 164]
  ...
  [195 196 191]
  [192 193 188]
  [188 189 184]]

 ...

 [[182 103  70]
  [185 106  73]
  [190 111  78]
  ...
  [125 124 122]
  [106 105 103]
  [123 122 120]]

 [[186 107  74]
  [187 108  75]
  [190 111  78]
  ...
  [ 87  86  84]
  [127 126 124]
  [135 134 132]]

 [[189 110  77]
  [189 110  77]
  [190 111  78]
  ...
  [113 112 110]
  [120 119 117]
  [109 108 106]]]",Pride collection of Tommy Hilfiger shorts,34.0865
22,/dbfs/mnt/raw/output_images/stable-diffusion-2/Pride-collection-of-Tommy-Hilfiger-shorts/seed1001_2.jpg,"[[[226 123  78]
  [219 116  71]
  [212 111  69]
  ...
  [215 135 100]
  [213 133  98]
  [212 132  97]]

 [[220 117  72]
  [216 113  70]
  [211 110  68]
  ...
  [218 138 103]
  [218 138 103]
  [217 137 102]]

 [[214 111  66]
  [212 109  66]
  [210 109  67]
  ...
  [219 139 104]
  [219 139 104]
  [218 138 103]]

 ...

 [[159 164 167]
  [156 161 164]
  [154 159 162]
  ...
  [182 185 178]
  [181 184 177]
  [179 182 175]]

 [[161 166 169]
  [156 161 164]
  [152 157 160]
  ...
  [183 186 179]
  [180 183 176]
  [178 181 174]]

 [[165 170 173]
  [158 163 166]
  [151 156 159]
  ...
  [179 182 175]
  [176 179 172]
  [173 176 169]]]",Pride collection of Tommy Hilfiger shorts,30.822
23,/dbfs/mnt/raw/output_images/stable-diffusion-2/Pride-collection-of-Tommy-Hilfiger-shorts/seed1001_3.jpg,"[[[123 109  96]
  [122 108  95]
  [121 109  95]
  ...
  [110 103  97]
  [ 77  69  66]
  [ 76  68  65]]

 [[121 107  94]
  [122 108  95]
  [122 110  96]
  ...
  [116 109 103]
  [ 98  90  87]
  [ 36  28  25]]

 [[126 114 100]
  [127 115 101]
  [124 112  98]
  ...
  [110 102  99]
  [ 84  76  73]
  [ 15   7   5]]

 ...

 [[ 44  44  42]
  [ 46  46  44]
  [ 46  46  44]
  ...
  [ 83  78  75]
  [ 83  78  75]
  [ 86  81  78]]

 [[ 44  44  42]
  [ 45  45  43]
  [ 45  45  43]
  ...
  [ 82  77  74]
  [ 79  74  71]
  [ 79  74  71]]

 [[ 43  43  41]
  [ 42  42  40]
  [ 41  41  39]
  ...
  [ 78  73  70]
  [ 72  67  64]
  [ 69  64  61]]]",Pride collection of Tommy Hilfiger shorts,37.9426
24,/dbfs/mnt/raw/output_images/stable-diffusion-2/Promotion-image-of-Guess-bags-for-Easter/seed1001_0.jpg,"[[[214 229 102]
  [212 231 113]
  [206 231 127]
  ...
  [120 206 109]
  [111 197 100]
  [104 190  93]]

 [[220 235 110]
  [216 234 116]
  [208 229 126]
  ...
  [106 191  97]
  [118 202 106]
  [126 210 114]]

 [[222 233 113]
  [219 231 119]
  [215 227 129]
  ...
  [123 207 113]
  [113 197 103]
  [109 190  95]]

 ...

 [[222 223  70]
  [217 220  67]
  [207 212  57]
  ...
  [ 97 123  32]
  [135 159  71]
  [138 160  75]]

 [[198 205  29]
  [204 211  37]
  [208 216  43]
  ...
  [ 99 123  35]
  [123 143  58]
  [123 142  60]]

 [[202 211  22]
  [204 215  27]
  [203 215  31]
  ...
  [145 169  83]
  [117 136  54]
  [111 128  48]]]",Promotion image of Guess bags for Easter,36.93
25,/dbfs/mnt/raw/output_images/stable-diffusion-2/Promotion-image-of-Guess-bags-for-Easter/seed1001_1.jpg,"[[[106 104 109]
  [ 94  92  97]
  [113 111 116]
  ...
  [109 145  57]
  [112 148  58]
  [108 145  52]]

 [[ 90  88  93]
  [116 114 119]
  [117 115 120]
  ...
  [107 143  55]
  [119 156  63]
  [115 152  59]]

 [[ 92  90  95]
  [131 129 134]
  [ 93  91  96]
  ...
  [108 144  54]
  [126 163  70]
  [123 160  65]]

 ...

 [[ 32  52  53]
  [ 40  47  53]
  [ 45  37  50]
  ...
  [ 92 112 119]
  [125 145 152]
  [102 122 129]]

 [[ 25  51  50]
  [ 37  48  52]
  [ 49  38  52]
  ...
  [ 74  94 101]
  [126 146 153]
  [ 91 111 118]]

 [[ 29  58  56]
  [ 43  57  60]
  [ 55  44  58]
  ...
  [ 86 106 113]
  [103 123 130]
  [102 122 129]]]",Promotion image of Guess bags for Easter,43.6213
26,/dbfs/mnt/raw/output_images/stable-diffusion-2/Promotion-image-of-Guess-bags-for-Easter/seed1001_2.jpg,"[[[ 70  84  25]
  [ 51  64  10]
  [ 33  42   0]
  ...
  [240 201 168]
  [240 201 168]
  [239 200 167]]

 [[ 78  92  31]
  [ 69  82  26]
  [ 50  59  12]
  ...
  [240 201 168]
  [239 200 167]
  [239 200 167]]

 [[ 81  96  31]
  [ 81  95  34]
  [ 61  71  19]
  ...
  [240 201 168]
  [239 200 167]
  [238 199 166]]

 ...

 [[164 132 109]
  [165 133 110]
  [166 134 111]
  ...
  [201 184 164]
  [201 184 164]
  [201 184 164]]

 [[165 133 110]
  [165 133 110]
  [165 133 110]
  ...
  [201 184 164]
  [201 184 164]
  [201 184 164]]

 [[170 138 115]
  [168 136 113]
  [166 134 111]
  ...
  [201 184 164]
  [201 184 164]
  [201 184 164]]]",Promotion image of Guess bags for Easter,41.1333
27,/dbfs/mnt/raw/output_images/stable-diffusion-2/Promotion-image-of-Guess-bags-for-Easter/seed1001_3.jpg,"[[[ 89  63  38]
  [ 93  69  45]
  [ 88  66  45]
  ...
  [138 125  10]
  [164 150  43]
  [204 189  86]]

 [[ 89  63  38]
  [ 90  66  42]
  [ 85  63  42]
  ...
  [139 126  11]
  [165 151  44]
  [206 191  88]]

 [[ 90  64  39]
  [ 86  62  38]
  [ 81  59  38]
  ...
  [140 127  12]
  [169 155  48]
  [210 195  92]]

 ...

 [[ 14  18  21]
  [ 14  18  21]
  [ 14  18  21]
  ...
  [127  46 112]
  [128  47 113]
  [128  47 113]]

 [[ 13  17  20]
  [ 13  17  20]
  [ 12  16  19]
  ...
  [127  46 112]
  [128  47 113]
  [128  47 113]]

 [[ 12  16  19]
  [ 11  15  18]
  [ 11  15  18]
  ...
  [127  46 112]
  [128  47 113]
  [128  47 113]]]",Promotion image of Guess bags for Easter,39.7033
28,"/dbfs/mnt/raw/output_images/stable-diffusion-2/Shop-Faconnable-now-and-save-on-chic,-elegant-pieces-to-build-your-new-fall-wardrobe/seed1001_0.jpg","[[[168 130 119]
  [168 130 119]
  [168 130 119]
  ...
  [112  93  87]
  [114  95  89]
  [115  96  90]]

 [[168 130 119]
  [168 130 119]
  [168 130 119]
  ...
  [116  97  91]
  [117  98  92]
  [119 100  94]]

 [[168 130 119]
  [168 130 119]
  [168 130 119]
  ...
  [112  94  90]
  [114  96  92]
  [115  97  93]]

 ...

 [[174 143  97]
  [183 152 106]
  [157 126  80]
  ...
  [175 147 100]
  [194 166 118]
  [183 155 107]]

 [[162 131  85]
  [179 148 102]
  [189 158 112]
  ...
  [156 128  81]
  [176 148 100]
  [181 153 105]]

 [[180 149 103]
  [162 131  85]
  [180 149 103]
  ...
  [154 126  79]
  [161 133  85]
  [175 147  99]]]","Shop Faconnable now and save on chic, elegant pieces to build your new fall wardrobe",26.856
29,"/dbfs/mnt/raw/output_images/stable-diffusion-2/Shop-Faconnable-now-and-save-on-chic,-elegant-pieces-to-build-your-new-fall-wardrobe/seed1001_1.jpg","[[[129 118  62]
  [129 119  60]
  [131 120  58]
  ...
  [ 67  70  41]
  [ 68  70  48]
  [ 68  70  49]]

 [[127 116  60]
  [129 117  59]
  [134 123  61]
  ...
  [ 62  61  31]
  [ 65  63  38]
  [ 69  67  44]]

 [[118 107  53]
  [123 110  55]
  [134 119  60]
  ...
  [ 65  61  26]
  [ 70  65  35]
  [ 77  72  43]]

 ...

 [[114  78  44]
  [ 83  47  13]
  [ 97  62  30]
  ...
  [ 55  32  16]
  [ 70  47  31]
  [ 78  55  39]]

 [[132 102  66]
  [ 98  68  34]
  [ 95  66  32]
  ...
  [ 67  44  28]
  [ 67  44  30]
  [ 71  48  34]]

 [[111  85  48]
  [103  77  42]
  [107  83  47]
  ...
  [ 72  49  35]
  [ 82  59  45]
  [ 98  75  61]]]","Shop Faconnable now and save on chic, elegant pieces to build your new fall wardrobe",30.7178
30,"/dbfs/mnt/raw/output_images/stable-diffusion-2/Shop-Faconnable-now-and-save-on-chic,-elegant-pieces-to-build-your-new-fall-wardrobe/seed1001_2.jpg","[[[ 71  58  26]
  [ 74  61  29]
  [ 73  60  28]
  ...
  [154 133  76]
  [144 123  68]
  [130 109  56]]

 [[ 79  65  30]
  [ 81  67  32]
  [ 76  63  28]
  ...
  [150 130  71]
  [135 114  59]
  [120  99  44]]

 [[ 91  73  33]
  [ 89  74  33]
  [ 81  68  26]
  ...
  [150 130  71]
  [132 111  54]
  [116  95  38]]

 ...

 [[204 202 117]
  [198 195 114]
  [191 188 111]
  ...
  [220 216 153]
  [185 181 118]
  [179 175 112]]

 [[199 198 108]
  [197 195 108]
  [194 191 110]
  ...
  [222 218 157]
  [184 180 119]
  [180 176 115]]

 [[201 200 108]
  [201 200 110]
  [200 198 113]
  ...
  [212 208 147]
  [175 170 112]
  [174 169 111]]]","Shop Faconnable now and save on chic, elegant pieces to build your new fall wardrobe",28.5916
31,"/dbfs/mnt/raw/output_images/stable-diffusion-2/Shop-Faconnable-now-and-save-on-chic,-elegant-pieces-to-build-your-new-fall-wardrobe/seed1001_3.jpg","[[[241 202 169]
  [239 200 167]
  [238 199 166]
  ...
  [222 218 206]
  [222 218 206]
  [222 218 206]]

 [[237 199 163]
  [237 197 162]
  [235 195 160]
  ...
  [222 218 206]
  [222 218 206]
  [222 218 206]]

 [[233 193 158]
  [233 193 158]
  [233 190 156]
  ...
  [222 218 206]
  [222 218 206]
  [222 218 206]]

 ...

 [[  9  21  37]
  [ 11  23  39]
  [ 12  25  41]
  ...
  [ 73  34  53]
  [ 73  34  53]
  [ 73  34  53]]

 [[  9  21  37]
  [ 12  24  40]
  [ 12  25  41]
  ...
  [ 73  34  53]
  [ 73  34  53]
  [ 73  34  53]]

 [[  9  21  37]
  [ 11  24  40]
  [ 12  25  41]
  ...
  [ 73  34  53]
  [ 73  34  53]
  [ 73  34  53]]]","Shop Faconnable now and save on chic, elegant pieces to build your new fall wardrobe",31.4715
32,"/dbfs/mnt/raw/output_images/stable-diffusion-2/Tommy-x-Shawn-Mendes,-ad-for-the-collaboration-between-Tommy-Hilfiger-and-Shawn-Mendes/seed1001_0.jpg","[[[219 190 176]
  [213 192 175]
  [206 195 173]
  ...
  [211 202 185]
  [216 204 190]
  [224 212 200]]

 [[220 188 173]
  [214 191 173]
  [205 194 172]
  ...
  [212 203 186]
  [216 204 190]
  [222 210 198]]

 [[220 187 170]
  [215 190 170]
  [206 194 170]
  ...
  [216 204 188]
  [216 204 190]
  [218 206 192]]

 ...

 [[207 173 146]
  [206 172 145]
  [206 172 145]
  ...
  [202 168 141]
  [203 169 142]
  [203 169 142]]

 [[207 173 146]
  [206 172 145]
  [206 172 145]
  ...
  [205 171 144]
  [206 172 145]
  [206 172 145]]

 [[211 177 150]
  [209 175 148]
  [208 174 147]
  ...
  [207 173 146]
  [209 175 148]
  [210 176 149]]]","Tommy x Shawn Mendes, ad for the collaboration between Tommy Hilfiger and Shawn Mendes",33.164
33,"/dbfs/mnt/raw/output_images/stable-diffusion-2/Tommy-x-Shawn-Mendes,-ad-for-the-collaboration-between-Tommy-Hilfiger-and-Shawn-Mendes/seed1001_1.jpg","[[[ 40  47  55]
  [ 45  52  60]
  [ 50  57  65]
  ...
  [ 94 103 100]
  [ 94 100  98]
  [ 91  97  95]]

 [[ 42  49  57]
  [ 46  53  61]
  [ 51  58  66]
  ...
  [ 99 108 105]
  [101 107 105]
  [100 106 104]]

 [[ 44  51  59]
  [ 46  53  61]
  [ 50  57  65]
  ...
  [101 107 105]
  [103 109 107]
  [104 110 108]]

 ...

 [[146 145 140]
  [134 133 128]
  [140 139 134]
  ...
  [102 106 105]
  [105 109 108]
  [105 109 108]]

 [[137 136 131]
  [145 144 139]
  [160 159 154]
  ...
  [ 87  91  90]
  [113 117 116]
  [111 115 114]]

 [[146 145 140]
  [146 145 140]
  [149 148 143]
  ...
  [ 97 101 100]
  [117 121 120]
  [ 96 100  99]]]","Tommy x Shawn Mendes, ad for the collaboration between Tommy Hilfiger and Shawn Mendes",39.4597
34,"/dbfs/mnt/raw/output_images/stable-diffusion-2/Tommy-x-Shawn-Mendes,-ad-for-the-collaboration-between-Tommy-Hilfiger-and-Shawn-Mendes/seed1001_2.jpg","[[[ 34  41  25]
  [ 34  41  25]
  [ 35  41  27]
  ...
  [130 106  80]
  [132 108  82]
  [134 110  84]]

 [[ 38  42  28]
  [ 36  40  26]
  [ 33  37  23]
  ...
  [135 111  85]
  [135 111  85]
  [136 112  86]]

 [[ 44  46  35]
  [ 42  44  33]
  [ 37  38  30]
  ...
  [136 112  86]
  [135 111  85]
  [135 111  85]]

 ...

 [[211 200 178]
  [208 197 175]
  [205 194 172]
  ...
  [197 185 159]
  [196 184 158]
  [195 183 157]]

 [[212 201 179]
  [208 197 175]
  [205 194 172]
  ...
  [198 186 160]
  [199 187 161]
  [200 188 162]]

 [[212 201 179]
  [208 197 175]
  [205 194 172]
  ...
  [198 186 160]
  [201 189 163]
  [204 192 166]]]","Tommy x Shawn Mendes, ad for the collaboration between Tommy Hilfiger and Shawn Mendes",31.3139
35,"/dbfs/mnt/raw/output_images/stable-diffusion-2/Tommy-x-Shawn-Mendes,-ad-for-the-collaboration-between-Tommy-Hilfiger-and-Shawn-Mendes/seed1001_3.jpg","[[[215 202 183]
  [216 203 184]
  [215 202 183]
  ...
  [216 207 192]
  [216 207 192]
  [216 207 192]]

 [[214 201 182]
  [216 203 184]
  [216 203 184]
  ...
  [216 207 192]
  [216 207 192]
  [216 207 192]]

 [[214 201 182]
  [215 202 183]
  [216 203 184]
  ...
  [216 207 192]
  [216 207 192]
  [216 207 192]]

 ...

 [[  7  24  40]
  [ 15  32  48]
  [ 19  36  52]
  ...
  [ 24  36  52]
  [ 24  36  52]
  [ 24  36  52]]

 [[  8  25  41]
  [ 14  31  47]
  [ 16  33  49]
  ...
  [ 24  36  52]
  [ 24  36  52]
  [ 24  36  52]]

 [[  7  24  40]
  [ 10  27  43]
  [  9  26  42]
  ...
  [ 24  36  52]
  [ 24  36  52]
  [ 24  36  52]]]","Tommy x Shawn Mendes, ad for the collaboration between Tommy Hilfiger and Shawn Mendes",37.2625
36,/dbfs/mnt/raw/output_images/stable-diffusion-2/Victoria’s-Secret’s-in-store-experience/seed1001_0.jpg,"[[[220 100 255]
  [217  95 255]
  [212  90 253]
  ...
  [150 162 162]
  [145 157 157]
  [134 146 146]]

 [[219  97 255]
  [216  94 255]
  [211  89 252]
  ...
  [155 167 167]
  [137 149 149]
  [115 127 127]]

 [[216  94 255]
  [214  92 255]
  [212  90 253]
  ...
  [167 177 176]
  [165 175 174]
  [156 166 165]]

 ...

 [[208 179 147]
  [209 180 148]
  [210 181 149]
  ...
  [188 157 128]
  [187 156 127]
  [185 154 125]]

 [[210 181 149]
  [211 182 150]
  [211 182 148]
  ...
  [188 157 128]
  [187 156 127]
  [186 155 126]]

 [[213 184 152]
  [212 183 151]
  [211 182 148]
  ...
  [188 157 128]
  [187 156 127]
  [186 155 126]]]",Victoria’s Secret’s in store experience,32.696
37,/dbfs/mnt/raw/output_images/stable-diffusion-2/Victoria’s-Secret’s-in-store-experience/seed1001_1.jpg,"[[[167  79 104]
  [167  79 104]
  [167  79 104]
  ...
  [126 119 103]
  [126 119 103]
  [127 120 102]]

 [[167  79 104]
  [167  79 104]
  [167  79 104]
  ...
  [133 126 110]
  [133 126 110]
  [133 126 110]]

 [[167  79 104]
  [167  79 104]
  [167  79 104]
  ...
  [140 132 119]
  [140 133 117]
  [140 133 117]]

 ...

 [[127  96 102]
  [127  96 102]
  [130  97 104]
  ...
  [127  99  87]
  [127  99  87]
  [127  99  87]]

 [[127  98 103]
  [125  96 101]
  [126  95 101]
  ...
  [127  99  87]
  [127  99  87]
  [126  98  86]]

 [[125  98 103]
  [124  95 100]
  [123  92  98]
  ...
  [127  99  87]
  [127  99  87]
  [126  98  86]]]",Victoria’s Secret’s in store experience,33.3577
38,/dbfs/mnt/raw/output_images/stable-diffusion-2/Victoria’s-Secret’s-in-store-experience/seed1001_2.jpg,"[[[ 14  11   6]
  [ 14  11   6]
  [ 14  11   6]
  ...
  [205 190 169]
  [205 190 169]
  [202 187 166]]

 [[ 14  11   6]
  [ 14  11   6]
  [ 14  11   6]
  ...
  [207 192 171]
  [207 192 171]
  [204 189 168]]

 [[ 14  11   6]
  [ 14  11   6]
  [ 14  11   6]
  ...
  [206 191 170]
  [206 191 170]
  [203 188 167]]

 ...

 [[196 171 130]
  [194 169 128]
  [192 167 126]
  ...
  [173 163 164]
  [174 164 165]
  [175 165 166]]

 [[196 171 130]
  [193 168 127]
  [191 166 125]
  ...
  [172 162 163]
  [171 161 162]
  [171 161 162]]

 [[195 170 129]
  [192 167 126]
  [190 165 124]
  ...
  [174 162 164]
  [172 160 162]
  [169 157 159]]]",Victoria’s Secret’s in store experience,37.1888
39,/dbfs/mnt/raw/output_images/stable-diffusion-2/Victoria’s-Secret’s-in-store-experience/seed1001_3.jpg,"[[[164 148 135]
  [163 147 134]
  [160 146 135]
  ...
  [111 103  90]
  [111 103  90]
  [111 103  90]]

 [[164 148 135]
  [163 147 134]
  [160 146 135]
  ...
  [111 103  90]
  [111 103  90]
  [111 103  90]]

 [[164 148 135]
  [163 147 134]
  [159 145 134]
  ...
  [111 103  90]
  [111 103  90]
  [111 103  90]]

 ...

 [[  4   4   4]
  [  4   4   4]
  [  4   4   4]
  ...
  [137  46  79]
  [137  46  79]
  [137  46  79]]

 [[  4   4   4]
  [  4   4   4]
  [  4   4   4]
  ...
  [137  46  79]
  [137  46  79]
  [137  46  79]]

 [[  4   4   4]
  [  4   4   4]
  [  4   4   4]
  ...
  [137  46  79]
  [137  46  79]
  [137  46  79]]]",Victoria’s Secret’s in store experience,34.6345
40,"/dbfs/mnt/raw/output_images/stable-diffusion-2/Workplace-women’s-pants,-only-at-Pepe-Jeans/seed1001_0.jpg","[[[176  94 117]
  [174  92 115]
  [170  88 111]
  ...
  [161 164 179]
  [164 167 182]
  [166 169 184]]

 [[172  90 113]
  [172  90 113]
  [172  90 113]
  ...
  [150 156 170]
  [150 156 170]
  [150 156 170]]

 [[169  87 110]
  [171  89 112]
  [173  91 114]
  ...
  [161 167 181]
  [162 168 182]
  [163 169 183]]

 ...

 [[202 173 141]
  [198 169 137]
  [193 164 132]
  ...
  [198 171 142]
  [199 172 143]
  [197 170 141]]

 [[202 173 141]
  [199 170 138]
  [196 167 135]
  ...
  [199 172 143]
  [201 174 145]
  [199 172 143]]

 [[200 171 139]
  [199 170 138]
  [198 169 137]
  ...
  [200 173 144]
  [203 176 147]
  [201 174 145]]]","Workplace women’s pants, only at Pepe Jeans",34.2892
41,"/dbfs/mnt/raw/output_images/stable-diffusion-2/Workplace-women’s-pants,-only-at-Pepe-Jeans/seed1001_1.jpg","[[[154 152 153]
  [155 153 154]
  [156 154 155]
  ...
  [142 142 140]
  [143 143 141]
  [144 144 142]]

 [[154 152 153]
  [155 153 154]
  [154 152 153]
  ...
  [143 143 141]
  [144 144 142]
  [145 145 143]]

 [[155 153 154]
  [153 151 152]
  [152 150 151]
  ...
  [144 144 142]
  [145 145 143]
  [146 146 144]]

 ...

 [[148 146 147]
  [149 147 148]
  [150 148 149]
  ...
  [140 139 137]
  [141 140 138]
  [142 141 139]]

 [[149 147 148]
  [149 147 148]
  [149 147 148]
  ...
  [140 139 137]
  [142 141 139]
  [145 144 142]]

 [[151 149 150]
  [149 147 148]
  [149 147 148]
  ...
  [141 140 138]
  [144 143 141]
  [147 146 144]]]","Workplace women’s pants, only at Pepe Jeans",31.096
42,"/dbfs/mnt/raw/output_images/stable-diffusion-2/Workplace-women’s-pants,-only-at-Pepe-Jeans/seed1001_2.jpg","[[[127 124 119]
  [126 123 118]
  [125 122 117]
  ...
  [125 120 116]
  [124 119 115]
  [123 118 114]]

 [[129 126 121]
  [128 125 120]
  [127 124 119]
  ...
  [125 120 116]
  [124 119 115]
  [123 118 114]]

 [[131 128 123]
  [130 127 122]
  [129 126 121]
  ...
  [125 120 116]
  [124 119 115]
  [124 119 115]]

 ...

 [[166 161 155]
  [165 160 154]
  [164 159 153]
  ...
  [168 163 157]
  [169 164 158]
  [170 165 159]]

 [[167 162 156]
  [165 160 154]
  [163 158 152]
  ...
  [169 164 158]
  [171 166 160]
  [172 167 161]]

 [[167 162 156]
  [165 160 154]
  [162 157 151]
  ...
  [170 165 159]
  [172 167 161]
  [173 168 162]]]","Workplace women’s pants, only at Pepe Jeans",33.0187
43,"/dbfs/mnt/raw/output_images/stable-diffusion-2/Workplace-women’s-pants,-only-at-Pepe-Jeans/seed1001_3.jpg","[[[225 186 157]
  [225 186 153]
  [208 169 130]
  ...
  [ 97  98  92]
  [237 240 233]
  [207 210 203]]

 [[226 187 158]
  [213 174 141]
  [215 176 137]
  ...
  [ 94  95  89]
  [241 244 237]
  [214 217 210]]

 [[227 188 157]
  [201 162 129]
  [220 181 142]
  ...
  [ 87  88  82]
  [244 247 240]
  [217 220 213]]

 ...

 [[ 22  24  37]
  [ 22  24  37]
  [ 22  24  37]
  ...
  [ 51  50  64]
  [ 52  51  65]
  [ 52  51  65]]

 [[ 23  25  38]
  [ 23  25  38]
  [ 22  24  37]
  ...
  [ 50  49  63]
  [ 50  49  63]
  [ 50  49  63]]

 [[ 24  26  39]
  [ 23  25  38]
  [ 22  24  37]
  ...
  [ 49  48  62]
  [ 48  47  61]
  [ 48  47  61]]]","Workplace women’s pants, only at Pepe Jeans",32.7938
44,/dbfs/mnt/raw/output_images/stable-diffusion-2/a-banana/seed1001_0.jpg,"[[[195 178 160]
  [192 175 157]
  [189 170 153]
  ...
  [ 62 208 233]
  [ 62 212 236]
  [ 61 211 235]]

 [[192 175 157]
  [191 174 156]
  [191 173 153]
  ...
  [ 58 208 233]
  [ 58 210 234]
  [ 54 208 232]]

 [[190 173 155]
  [191 174 156]
  [192 174 154]
  ...
  [ 66 221 249]
  [ 65 220 248]
  [ 61 216 244]]

 ...

 [[183 159 125]
  [181 157 123]
  [179 155 121]
  ...
  [155 139 116]
  [156 138 116]
  [155 137 115]]

 [[182 158 124]
  [180 156 122]
  [179 155 121]
  ...
  [151 135 112]
  [157 139 117]
  [159 141 119]]

 [[184 160 126]
  [182 158 124]
  [180 156 122]
  ...
  [149 133 110]
  [158 140 118]
  [164 146 124]]]",a banana,33.8949
45,/dbfs/mnt/raw/output_images/stable-diffusion-2/a-banana/seed1001_1.jpg,"[[[130 125 119]
  [133 128 122]
  [135 130 124]
  ...
  [132 131 126]
  [132 131 126]
  [131 130 125]]

 [[131 126 120]
  [132 127 121]
  [133 128 122]
  ...
  [133 132 127]
  [133 132 127]
  [132 131 126]]

 [[133 128 122]
  [132 127 121]
  [131 126 120]
  ...
  [134 133 128]
  [134 133 128]
  [134 133 128]]

 ...

 [[126 121 118]
  [127 122 119]
  [127 122 119]
  ...
  [126 126 124]
  [126 126 124]
  [126 126 124]]

 [[126 121 118]
  [127 122 119]
  [127 122 119]
  ...
  [125 125 123]
  [126 126 124]
  [127 127 125]]

 [[126 121 118]
  [126 121 118]
  [127 122 119]
  ...
  [125 125 123]
  [127 127 125]
  [128 128 126]]]",a banana,34.8971
46,/dbfs/mnt/raw/output_images/stable-diffusion-2/a-banana/seed1001_2.jpg,"[[[ 96  92  80]
  [ 94  90  78]
  [ 92  88  76]
  ...
  [110 106  95]
  [110 106  95]
  [110 106  95]]

 [[ 98  94  82]
  [ 96  92  80]
  [ 95  91  79]
  ...
  [110 106  95]
  [110 106  95]
  [110 106  95]]

 [[100  96  84]
  [ 99  95  83]
  [ 97  93  81]
  ...
  [110 106  95]
  [110 106  95]
  [110 106  95]]

 ...

 [[110 110 110]
  [111 111 111]
  [111 111 111]
  ...
  [133 134 138]
  [133 134 138]
  [134 135 139]]

 [[111 111 111]
  [111 111 111]
  [112 112 112]
  ...
  [132 133 137]
  [132 133 137]
  [132 133 137]]

 [[116 116 116]
  [116 116 116]
  [115 115 115]
  ...
  [131 132 136]
  [130 131 135]
  [130 131 135]]]",a banana,34.0644
47,/dbfs/mnt/raw/output_images/stable-diffusion-2/a-banana/seed1001_3.jpg,"[[[114 111 106]
  [114 111 106]
  [115 112 107]
  ...
  [ 83  83  81]
  [ 81  81  79]
  [ 80  80  78]]

 [[116 113 108]
  [116 113 108]
  [116 113 108]
  ...
  [ 84  84  82]
  [ 83  83  81]
  [ 82  82  80]]

 [[118 115 110]
  [118 115 110]
  [117 114 109]
  ...
  [ 86  86  84]
  [ 85  85  83]
  [ 85  85  83]]

 ...

 [[ 55  54  59]
  [ 56  55  60]
  [ 56  55  60]
  ...
  [ 59  57  62]
  [ 59  57  62]
  [ 59  57  62]]

 [[ 55  54  59]
  [ 55  54  59]
  [ 56  55  60]
  ...
  [ 59  57  62]
  [ 59  57  62]
  [ 59  57  62]]

 [[ 55  54  59]
  [ 55  54  59]
  [ 55  54  59]
  ...
  [ 59  57  62]
  [ 59  57  62]
  [ 59  57  62]]]",a banana,32.8798
48,/dbfs/mnt/raw/output_images/stable-diffusion-2/a-black-t-shirt/seed1001_0.jpg,"[[[188 144 119]
  [198 154 129]
  [170 124 101]
  ...
  [197 214 178]
  [199 216 182]
  [201 218 184]]

 [[190 146 121]
  [195 151 126]
  [167 121  98]
  ...
  [201 218 184]
  [202 219 187]
  [203 220 188]]

 [[190 146 121]
  [190 146 121]
  [165 119  96]
  ...
  [202 218 189]
  [203 219 190]
  [203 219 190]]

 ...

 [[199 169 135]
  [194 161 128]
  [192 158 123]
  ...
  [160 119  91]
  [167 126  98]
  [154 113  85]]

 [[196 166 132]
  [196 163 128]
  [198 164 127]
  ...
  [169 128 100]
  [173 132 104]
  [151 110  82]]

 [[199 169 133]
  [199 166 131]
  [199 165 128]
  ...
  [178 137 109]
  [180 139 111]
  [154 113  85]]]",a black t shirt,30.1721
49,/dbfs/mnt/raw/output_images/stable-diffusion-2/a-black-t-shirt/seed1001_1.jpg,"[[[126 126 126]
  [139 139 139]
  [123 123 123]
  ...
  [103 103 103]
  [117 117 117]
  [122 122 122]]

 [[118 118 118]
  [134 134 134]
  [126 126 126]
  ...
  [110 110 110]
  [119 119 119]
  [120 120 120]]

 [[119 119 119]
  [132 132 132]
  [129 129 129]
  ...
  [119 119 119]
  [122 122 122]
  [119 119 119]]

 ...

 [[130 130 130]
  [121 121 121]
  [125 125 125]
  ...
  [129 129 129]
  [126 126 126]
  [125 125 125]]

 [[137 137 137]
  [121 121 121]
  [125 125 125]
  ...
  [120 120 120]
  [128 128 128]
  [125 125 125]]

 [[139 139 139]
  [120 120 120]
  [125 125 125]
  ...
  [103 103 103]
  [124 124 124]
  [129 129 129]]]",a black t shirt,32.1981
50,/dbfs/mnt/raw/output_images/stable-diffusion-2/a-black-t-shirt/seed1001_2.jpg,"[[[117 116 111]
  [117 116 111]
  [117 116 111]
  ...
  [126 127 122]
  [126 127 122]
  [126 127 122]]

 [[117 116 111]
  [117 116 111]
  [117 116 111]
  ...
  [126 127 122]
  [126 127 122]
  [126 127 122]]

 [[117 116 111]
  [117 116 111]
  [117 116 111]
  ...
  [126 127 122]
  [126 127 122]
  [126 127 122]]

 ...

 [[135 135 133]
  [135 135 133]
  [135 135 133]
  ...
  [147 149 148]
  [147 149 148]
  [148 150 149]]

 [[135 135 133]
  [135 135 133]
  [135 135 133]
  ...
  [147 149 148]
  [148 150 149]
  [148 150 149]]

 [[135 135 133]
  [135 135 133]
  [135 135 133]
  ...
  [148 150 149]
  [148 150 149]
  [148 150 149]]]",a black t shirt,28.9399
51,/dbfs/mnt/raw/output_images/stable-diffusion-2/a-black-t-shirt/seed1001_3.jpg,"[[[118 114 111]
  [116 112 109]
  [115 111 108]
  ...
  [ 86  85  81]
  [ 84  83  79]
  [ 81  80  76]]

 [[118 114 111]
  [116 112 109]
  [114 110 107]
  ...
  [ 87  86  82]
  [ 85  84  80]
  [ 85  84  80]]

 [[118 114 111]
  [115 111 108]
  [112 108 105]
  ...
  [ 85  84  80]
  [ 84  83  79]
  [ 86  85  81]]

 ...

 [[ 66  65  63]
  [ 66  65  63]
  [ 67  66  64]
  ...
  [ 69  68  66]
  [ 67  66  64]
  [ 65  64  62]]

 [[ 69  68  66]
  [ 70  69  67]
  [ 70  69  67]
  ...
  [ 66  65  63]
  [ 64  63  61]
  [ 62  61  59]]

 [[ 70  69  67]
  [ 71  70  68]
  [ 71  70  68]
  ...
  [ 62  61  59]
  [ 61  60  58]
  [ 61  60  58]]]",a black t shirt,28.6909
52,/dbfs/mnt/raw/output_images/stable-diffusion-2/a-cartoon-image-of-a-rabbit/seed1001_0.jpg,"[[[ 69  55  54]
  [ 69  55  54]
  [ 69  55  54]
  ...
  [ 69  58  56]
  [ 71  60  58]
  [ 72  61  59]]

 [[ 69  55  54]
  [ 69  55  54]
  [ 69  55  54]
  ...
  [ 72  61  59]
  [ 72  61  59]
  [ 73  62  60]]

 [[ 69  55  54]
  [ 69  55  54]
  [ 69  55  54]
  ...
  [ 72  61  59]
  [ 71  60  58]
  [ 71  60  58]]

 ...

 [[142 152  63]
  [141 151  62]
  [141 151  62]
  ...
  [142 154  70]
  [145 157  73]
  [146 158  74]]

 [[142 152  63]
  [141 151  62]
  [140 150  61]
  ...
  [142 154  70]
  [143 155  71]
  [143 155  71]]

 [[144 154  65]
  [143 153  64]
  [141 151  62]
  ...
  [140 152  68]
  [138 150  66]
  [136 148  64]]]",a cartoon image of a rabbit,33.0279
53,/dbfs/mnt/raw/output_images/stable-diffusion-2/a-cartoon-image-of-a-rabbit/seed1001_1.jpg,"[[[141 138 133]
  [121 118 113]
  [143 140 135]
  ...
  [130 127 120]
  [120 117 110]
  [125 122 115]]

 [[135 132 127]
  [135 132 127]
  [163 160 155]
  ...
  [165 162 155]
  [115 112 105]
  [ 98  95  88]]

 [[136 133 128]
  [143 140 135]
  [149 146 141]
  ...
  [155 152 145]
  [103 100  93]
  [ 96  93  86]]

 ...

 [[150 149 144]
  [132 131 126]
  [148 147 142]
  ...
  [141 138 131]
  [109 106  99]
  [119 116 109]]

 [[166 165 160]
  [158 157 152]
  [123 122 117]
  ...
  [118 115 108]
  [ 96  93  86]
  [120 117 110]]

 [[126 125 120]
  [171 170 165]
  [122 121 116]
  ...
  [144 141 134]
  [115 112 105]
  [135 132 125]]]",a cartoon image of a rabbit,31.5117
54,/dbfs/mnt/raw/output_images/stable-diffusion-2/a-cartoon-image-of-a-rabbit/seed1001_2.jpg,"[[[149 176 187]
  [152 181 189]
  [143 172 178]
  ...
  [137 170 177]
  [136 169 176]
  [136 169 176]]

 [[152 179 190]
  [148 177 185]
  [149 178 184]
  ...
  [137 170 177]
  [136 169 176]
  [135 168 175]]

 [[151 178 187]
  [143 172 180]
  [152 181 187]
  ...
  [137 170 177]
  [136 169 176]
  [135 168 175]]

 ...

 [[140 169 175]
  [141 170 176]
  [142 171 177]
  ...
  [135 168 177]
  [137 170 179]
  [139 172 181]]

 [[142 171 177]
  [142 171 177]
  [142 171 177]
  ...
  [138 171 180]
  [141 174 183]
  [144 177 186]]

 [[144 173 179]
  [143 172 178]
  [142 171 177]
  ...
  [141 174 183]
  [145 178 187]
  [148 181 190]]]",a cartoon image of a rabbit,32.5552
55,/dbfs/mnt/raw/output_images/stable-diffusion-2/a-cartoon-image-of-a-rabbit/seed1001_3.jpg,"[[[ 80  80  78]
  [ 84  84  82]
  [ 88  88  86]
  ...
  [ 82  81  79]
  [ 79  78  76]
  [ 80  79  77]]

 [[ 86  86  84]
  [ 86  86  84]
  [ 86  86  84]
  ...
  [ 79  78  76]
  [ 83  82  80]
  [ 90  89  87]]

 [[ 92  92  90]
  [ 87  87  85]
  [ 82  82  80]
  ...
  [ 71  70  68]
  [ 81  80  78]
  [ 95  94  92]]

 ...

 [[ 86  86  86]
  [ 82  82  82]
  [ 87  87  87]
  ...
  [102 101  99]
  [ 97  96  94]
  [ 86  85  83]]

 [[ 84  84  84]
  [ 82  82  82]
  [ 88  88  88]
  ...
  [ 99  98  96]
  [ 97  96  94]
  [ 86  85  83]]

 [[ 82  82  82]
  [ 79  79  79]
  [ 82  82  82]
  ...
  [ 90  89  87]
  [ 91  90  88]
  [ 82  81  79]]]",a cartoon image of a rabbit,33.7464
56,"/dbfs/mnt/raw/output_images/stable-diffusion-2/a-female-model-wearing-a-sweatshirt,-in-front-a-street-lantern/seed1001_0.jpg","[[[ 68  64  63]
  [ 66  62  61]
  [ 63  59  58]
  ...
  [ 74  74  74]
  [ 73  73  73]
  [ 73  73  73]]

 [[ 68  64  63]
  [ 66  62  61]
  [ 64  60  59]
  ...
  [ 73  73  73]
  [ 72  72  72]
  [ 72  72  72]]

 [[ 68  64  63]
  [ 67  63  62]
  [ 66  62  61]
  ...
  [ 72  72  72]
  [ 72  72  72]
  [ 72  72  72]]

 ...

 [[148 138 136]
  [146 136 134]
  [149 139 137]
  ...
  [148 143 139]
  [148 143 139]
  [151 146 142]]

 [[154 144 142]
  [153 143 141]
  [156 146 144]
  ...
  [145 140 136]
  [149 144 140]
  [149 144 140]]

 [[154 144 142]
  [154 144 142]
  [156 146 144]
  ...
  [140 135 131]
  [145 140 136]
  [142 137 133]]]","a female model wearing a sweatshirt, in front a street lantern",31.4407
57,"/dbfs/mnt/raw/output_images/stable-diffusion-2/a-female-model-wearing-a-sweatshirt,-in-front-a-street-lantern/seed1001_1.jpg","[[[ 45  45  45]
  [ 31  31  31]
  [ 38  38  38]
  ...
  [168 169 164]
  [167 168 163]
  [166 167 162]]

 [[ 45  45  45]
  [ 31  31  31]
  [ 38  38  38]
  ...
  [171 172 167]
  [170 171 166]
  [169 170 165]]

 [[ 46  46  46]
  [ 32  32  32]
  [ 38  38  38]
  ...
  [174 175 170]
  [173 174 169]
  [172 173 168]]

 ...

 [[108 107 103]
  [ 90  89  85]
  [ 86  85  81]
  ...
  [ 92  91  87]
  [ 97  96  92]
  [101 100  96]]

 [[106 105 101]
  [ 99  98  94]
  [ 98  97  93]
  ...
  [ 77  76  72]
  [ 85  84  80]
  [ 93  92  88]]

 [[101 100  96]
  [111 110 106]
  [116 115 111]
  ...
  [111 110 106]
  [107 106 102]
  [ 99  98  94]]]","a female model wearing a sweatshirt, in front a street lantern",30.0715
58,"/dbfs/mnt/raw/output_images/stable-diffusion-2/a-female-model-wearing-a-sweatshirt,-in-front-a-street-lantern/seed1001_2.jpg","[[[ 93  78  37]
  [ 77  63  28]
  [ 34  22   0]
  ...
  [127 136 133]
  [117 126 123]
  [108 117 114]]

 [[112  97  56]
  [116 102  67]
  [ 40  26   0]
  ...
  [115 124 121]
  [114 123 120]
  [113 122 119]]

 [[127 109  69]
  [148 132  98]
  [ 46  32   6]
  ...
  [112 121 118]
  [115 124 121]
  [119 128 125]]

 ...

 [[136 145 144]
  [131 140 139]
  [126 135 134]
  ...
  [145 154 153]
  [143 152 151]
  [139 148 147]]

 [[131 140 139]
  [128 137 136]
  [125 134 133]
  ...
  [142 151 150]
  [148 157 156]
  [148 157 156]]

 [[143 152 151]
  [139 148 147]
  [134 143 142]
  ...
  [142 151 150]
  [140 149 148]
  [135 144 143]]]","a female model wearing a sweatshirt, in front a street lantern",33.6144
59,"/dbfs/mnt/raw/output_images/stable-diffusion-2/a-female-model-wearing-a-sweatshirt,-in-front-a-street-lantern/seed1001_3.jpg","[[[208 206 207]
  [204 202 203]
  [199 197 198]
  ...
  [174 173 171]
  [ 87  86  84]
  [117 116 114]]

 [[214 212 213]
  [210 208 209]
  [205 203 204]
  ...
  [176 175 173]
  [ 95  94  92]
  [125 124 122]]

 [[193 191 192]
  [192 190 191]
  [193 191 192]
  ...
  [176 175 173]
  [101 100  98]
  [131 130 128]]

 ...

 [[ 33  33  33]
  [ 35  35  35]
  [ 36  36  36]
  ...
  [ 49  49  49]
  [ 50  50  50]
  [ 50  50  50]]

 [[ 33  33  33]
  [ 35  35  35]
  [ 36  36  36]
  ...
  [ 46  46  46]
  [ 46  46  46]
  [ 46  46  46]]

 [[ 32  32  32]
  [ 34  34  34]
  [ 35  35  35]
  ...
  [ 39  39  39]
  [ 36  36  36]
  [ 35  35  35]]]","a female model wearing a sweatshirt, in front a street lantern",34.8812
60,/dbfs/mnt/raw/output_images/stable-diffusion-2/a-pair-of-red-nike-sneakers/seed1001_0.jpg,"[[[208  31  51]
  [209  27  49]
  [209  22  43]
  ...
  [ 60  62  61]
  [ 58  60  59]
  [ 55  57  56]]

 [[208  26  48]
  [208  25  47]
  [210  21  43]
  ...
  [ 62  64  63]
  [ 61  63  62]
  [ 57  59  58]]

 [[208  22  45]
  [210  20  45]
  [214  20  44]
  ...
  [ 61  63  62]
  [ 61  63  62]
  [ 58  60  59]]

 ...

 [[144 141 136]
  [143 140 135]
  [131 128 123]
  ...
  [168 167 163]
  [156 155 151]
  [133 132 128]]

 [[149 146 141]
  [153 150 145]
  [145 142 137]
  ...
  [142 141 137]
  [151 150 146]
  [129 128 124]]

 [[143 140 135]
  [140 137 132]
  [129 126 121]
  ...
  [120 119 115]
  [143 142 138]
  [122 121 117]]]",a pair of red nike sneakers,32.1605
61,/dbfs/mnt/raw/output_images/stable-diffusion-2/a-pair-of-red-nike-sneakers/seed1001_1.jpg,"[[[116 118 115]
  [128 130 127]
  [121 123 120]
  ...
  [ 91  96  92]
  [ 98 103  99]
  [ 97 102  98]]

 [[122 124 121]
  [133 135 132]
  [130 132 129]
  ...
  [100 105 101]
  [108 113 109]
  [105 110 106]]

 [[115 117 114]
  [124 126 123]
  [124 126 123]
  ...
  [102 107 103]
  [110 115 111]
  [106 111 107]]

 ...

 [[ 93  95  92]
  [129 131 128]
  [128 130 127]
  ...
  [110 115 111]
  [113 118 114]
  [114 119 115]]

 [[113 115 112]
  [136 138 135]
  [127 129 126]
  ...
  [ 92  97  93]
  [108 113 109]
  [112 117 113]]

 [[116 118 115]
  [122 124 121]
  [105 107 104]
  ...
  [ 81  86  82]
  [104 109 105]
  [107 112 108]]]",a pair of red nike sneakers,31.2409
62,/dbfs/mnt/raw/output_images/stable-diffusion-2/a-pair-of-red-nike-sneakers/seed1001_2.jpg,"[[[ 90  77  60]
  [ 90  77  60]
  [ 90  77  60]
  ...
  [ 93  80  63]
  [ 93  80  63]
  [ 93  80  63]]

 [[ 90  77  60]
  [ 90  77  60]
  [ 90  77  60]
  ...
  [ 94  81  64]
  [ 93  80  63]
  [ 93  80  63]]

 [[ 90  77  60]
  [ 90  77  60]
  [ 90  77  60]
  ...
  [ 94  81  64]
  [ 94  81  64]
  [ 94  81  64]]

 ...

 [[131 138 131]
  [132 139 132]
  [132 139 132]
  ...
  [136 143 136]
  [136 143 136]
  [135 142 135]]

 [[131 138 131]
  [132 139 132]
  [132 139 132]
  ...
  [136 143 136]
  [136 143 136]
  [135 142 135]]

 [[135 142 135]
  [135 142 135]
  [134 141 134]
  ...
  [136 143 136]
  [136 143 136]
  [135 142 135]]]",a pair of red nike sneakers,31.71
63,/dbfs/mnt/raw/output_images/stable-diffusion-2/a-pair-of-red-nike-sneakers/seed1001_3.jpg,"[[[109 113 114]
  [108 112 113]
  [108 112 113]
  ...
  [ 78  83  86]
  [ 63  68  71]
  [ 62  67  70]]

 [[106 110 111]
  [112 116 117]
  [116 120 121]
  ...
  [ 78  83  86]
  [ 65  70  73]
  [ 68  73  76]]

 [[120 124 125]
  [125 129 130]
  [123 127 128]
  ...
  [ 73  78  81]
  [ 62  67  70]
  [ 69  74  77]]

 ...

 [[ 56  63  71]
  [ 53  60  68]
  [ 49  56  64]
  ...
  [113 118 121]
  [110 115 118]
  [ 98 103 106]]

 [[ 71  78  86]
  [ 69  76  84]
  [ 65  72  80]
  ...
  [102 107 110]
  [ 98 103 106]
  [ 87  92  95]]

 [[ 74  81  89]
  [ 73  80  88]
  [ 67  74  82]
  ...
  [ 88  93  96]
  [ 87  92  95]
  [ 79  84  87]]]",a pair of red nike sneakers,31.7498
64,/dbfs/mnt/raw/output_images/stable-diffusion-2/a-sweatshirt/seed1001_0.jpg,"[[[112  56  57]
  [112  56  57]
  [113  57  58]
  ...
  [188 209 212]
  [188 209 212]
  [188 209 212]]

 [[112  56  57]
  [113  57  58]
  [114  58  59]
  ...
  [188 209 212]
  [188 209 212]
  [187 208 211]]

 [[113  57  58]
  [114  58  59]
  [116  60  61]
  ...
  [187 208 211]
  [187 208 211]
  [187 208 211]]

 ...

 [[196 183 164]
  [194 181 162]
  [191 178 159]
  ...
  [193 188 182]
  [192 187 181]
  [192 187 181]]

 [[194 181 162]
  [193 180 161]
  [192 179 160]
  ...
  [190 185 179]
  [192 187 181]
  [193 188 182]]

 [[196 183 164]
  [195 182 163]
  [194 181 162]
  ...
  [191 186 180]
  [194 189 183]
  [196 191 185]]]",a sweatshirt,28.8296
65,/dbfs/mnt/raw/output_images/stable-diffusion-2/a-sweatshirt/seed1001_1.jpg,"[[[ 68  66  77]
  [ 59  57  68]
  [104 102 113]
  ...
  [ 38  38  40]
  [ 74  74  76]
  [ 77  77  79]]

 [[ 62  60  71]
  [ 60  58  69]
  [101  99 110]
  ...
  [ 64  64  66]
  [ 77  77  79]
  [ 98  98 100]]

 [[ 51  50  58]
  [ 54  53  61]
  [ 93  92 100]
  ...
  [117 117 119]
  [ 87  87  89]
  [115 115 117]]

 ...

 [[157 158 160]
  [155 156 158]
  [151 152 154]
  ...
  [ 93  94  96]
  [116 117 119]
  [136 137 139]]

 [[154 155 157]
  [143 144 146]
  [151 152 154]
  ...
  [ 83  84  86]
  [109 110 112]
  [148 149 151]]

 [[151 152 154]
  [130 131 133]
  [131 132 134]
  ...
  [116 117 119]
  [111 112 114]
  [126 127 129]]]",a sweatshirt,27.5784
66,/dbfs/mnt/raw/output_images/stable-diffusion-2/a-sweatshirt/seed1001_2.jpg,"[[[ 48  52  25]
  [ 43  47  22]
  [ 36  39  18]
  ...
  [179 179 171]
  [161 161 153]
  [140 140 132]]

 [[ 46  49  22]
  [ 44  46  22]
  [ 39  41  19]
  ...
  [177 177 169]
  [159 159 151]
  [139 139 131]]

 [[ 46  47  16]
  [ 47  47  19]
  [ 45  45  21]
  ...
  [175 175 167]
  [157 157 149]
  [138 138 130]]

 ...

 [[123 129 129]
  [117 123 123]
  [111 117 117]
  ...
  [163 169 169]
  [156 162 162]
  [143 149 149]]

 [[134 140 140]
  [124 130 130]
  [111 117 117]
  ...
  [163 169 169]
  [154 160 160]
  [137 143 143]]

 [[135 141 141]
  [133 139 139]
  [128 134 134]
  ...
  [155 161 161]
  [147 153 153]
  [132 138 138]]]",a sweatshirt,27.005
67,/dbfs/mnt/raw/output_images/stable-diffusion-2/a-sweatshirt/seed1001_3.jpg,"[[[190 151 108]
  [188 149 106]
  [184 145 102]
  ...
  [184 149 109]
  [177 142 102]
  [172 137  97]]

 [[187 148 105]
  [187 148 105]
  [182 143 100]
  ...
  [182 147 107]
  [175 140 100]
  [171 136  96]]

 [[188 149 106]
  [187 148 105]
  [180 141  98]
  ...
  [180 145 105]
  [173 138  98]
  [169 134  94]]

 ...

 [[ 21  22  26]
  [ 23  24  28]
  [ 25  26  30]
  ...
  [ 62  62  62]
  [ 59  59  59]
  [ 51  51  51]]

 [[ 26  27  31]
  [ 29  30  34]
  [ 31  32  36]
  ...
  [ 50  50  50]
  [ 53  53  53]
  [ 50  50  50]]

 [[ 30  31  35]
  [ 33  34  38]
  [ 33  34  38]
  ...
  [ 37  37  37]
  [ 42  42  42]
  [ 44  44  44]]]",a sweatshirt,27.0783
68,"/dbfs/mnt/raw/output_images/stable-diffusion-2/a-woman-in-a-gray-sweater-and-black-pants-standing-in-front-of-a-building,-trending-on-textures.-com,-in-style-of-pan-ren-wei,-virgil-abloh,-seeds,-photo-of-a-black-woman,-cute-casual-streetwear,-idealised,-clothes-in-the-style-of-1-9-9-0,-top-secret-style-photo,-official-store-photo/seed1001_0.jpg","[[[151 141 142]
  [151 141 142]
  [151 141 142]
  ...
  [102 102 104]
  [104 104 106]
  [106 106 108]]

 [[151 141 142]
  [151 141 142]
  [150 140 141]
  ...
  [104 104 106]
  [106 106 108]
  [107 107 109]]

 [[151 141 142]
  [150 140 141]
  [150 140 141]
  ...
  [ 97  97  99]
  [ 99  99 101]
  [100 100 102]]

 ...

 [[180 169 165]
  [180 169 165]
  [180 169 165]
  ...
  [185 176 171]
  [185 176 171]
  [184 175 170]]

 [[179 168 164]
  [182 171 167]
  [184 173 169]
  ...
  [181 172 167]
  [184 175 170]
  [184 175 170]]

 [[183 172 168]
  [183 172 168]
  [180 169 165]
  ...
  [175 166 161]
  [178 169 164]
  [180 171 166]]]","a woman in a gray sweater and black pants standing in front of a building, trending on textures. com, in style of pan ren wei, virgil abloh, seeds, photo of a black woman, cute casual streetwear, idealised, clothes in the style of 1 9 9 0, top secret style photo, official store photo",37.6353
69,"/dbfs/mnt/raw/output_images/stable-diffusion-2/a-woman-in-a-gray-sweater-and-black-pants-standing-in-front-of-a-building,-trending-on-textures.-com,-in-style-of-pan-ren-wei,-virgil-abloh,-seeds,-photo-of-a-black-woman,-cute-casual-streetwear,-idealised,-clothes-in-the-style-of-1-9-9-0,-top-secret-style-photo,-official-store-photo/seed1001_1.jpg","[[[ 41  48  58]
  [ 51  58  68]
  [  0   1  11]
  ...
  [176 175 171]
  [175 174 170]
  [178 177 173]]

 [[ 44  51  61]
  [ 55  62  72]
  [  0   1  11]
  ...
  [178 177 173]
  [179 178 174]
  [182 181 177]]

 [[ 48  55  65]
  [ 60  67  77]
  [  0   5  15]
  ...
  [183 182 178]
  [183 182 178]
  [183 182 178]]

 ...

 [[153 153 155]
  [143 143 145]
  [142 142 144]
  ...
  [138 138 138]
  [141 141 141]
  [152 152 152]]

 [[149 149 151]
  [144 144 146]
  [142 142 144]
  ...
  [123 123 123]
  [140 140 140]
  [152 152 152]]

 [[159 159 161]
  [159 159 161]
  [153 153 155]
  ...
  [139 139 139]
  [148 148 148]
  [137 137 137]]]","a woman in a gray sweater and black pants standing in front of a building, trending on textures. com, in style of pan ren wei, virgil abloh, seeds, photo of a black woman, cute casual streetwear, idealised, clothes in the style of 1 9 9 0, top secret style photo, official store photo",37.9381
70,"/dbfs/mnt/raw/output_images/stable-diffusion-2/a-woman-in-a-gray-sweater-and-black-pants-standing-in-front-of-a-building,-trending-on-textures.-com,-in-style-of-pan-ren-wei,-virgil-abloh,-seeds,-photo-of-a-black-woman,-cute-casual-streetwear,-idealised,-clothes-in-the-style-of-1-9-9-0,-top-secret-style-photo,-official-store-photo/seed1001_2.jpg","[[[ 60  62  59]
  [ 47  49  46]
  [ 36  38  35]
  ...
  [155 159 160]
  [143 147 148]
  [115 119 120]]

 [[ 55  57  54]
  [ 46  48  45]
  [ 42  44  41]
  ...
  [141 145 146]
  [126 130 131]
  [111 115 116]]

 [[ 67  69  66]
  [ 63  65  62]
  [ 67  69  66]
  ...
  [116 120 121]
  [100 104 105]
  [ 99 103 104]]

 ...

 [[184 186 185]
  [181 183 182]
  [178 180 179]
  ...
  [181 185 184]
  [179 183 182]
  [177 181 180]]

 [[184 186 185]
  [180 182 181]
  [175 177 176]
  ...
  [182 186 185]
  [181 185 184]
  [180 184 183]]

 [[184 186 185]
  [179 181 180]
  [173 175 174]
  ...
  [181 185 184]
  [182 186 185]
  [182 186 185]]]","a woman in a gray sweater and black pants standing in front of a building, trending on textures. com, in style of pan ren wei, virgil abloh, seeds, photo of a black woman, cute casual streetwear, idealised, clothes in the style of 1 9 9 0, top secret style photo, official store photo",36.6851
71,"/dbfs/mnt/raw/output_images/stable-diffusion-2/a-woman-in-a-gray-sweater-and-black-pants-standing-in-front-of-a-building,-trending-on-textures.-com,-in-style-of-pan-ren-wei,-virgil-abloh,-seeds,-photo-of-a-black-woman,-cute-casual-streetwear,-idealised,-clothes-in-the-style-of-1-9-9-0,-top-secret-style-photo,-official-store-photo/seed1001_3.jpg","[[[235 224 220]
  [236 225 221]
  [236 225 221]
  ...
  [241 234 228]
  [117 110 104]
  [131 124 118]]

 [[234 223 219]
  [236 225 221]
  [237 226 222]
  ...
  [216 209 203]
  [ 89  82  76]
  [ 94  87  81]]

 [[234 223 219]
  [236 225 221]
  [238 227 223]
  ...
  [222 215 209]
  [ 98  91  85]
  [106  99  93]]

 ...

 [[ 75  82  90]
  [ 84  91  99]
  [ 87  94 102]
  ...
  [ 92  91  97]
  [ 95  94 100]
  [103 102 108]]

 [[ 76  83  91]
  [ 88  95 103]
  [ 91  98 106]
  ...
  [ 87  86  92]
  [ 89  88  94]
  [ 96  95 101]]

 [[ 73  80  88]
  [ 84  91  99]
  [ 85  92 100]
  ...
  [ 94  93  99]
  [ 95  94 100]
  [100  99 105]]]","a woman in a gray sweater and black pants standing in front of a building, trending on textures. com, in style of pan ren wei, virgil abloh, seeds, photo of a black woman, cute casual streetwear, idealised, clothes in the style of 1 9 9 0, top secret style photo, official store photo",37.2862
72,/dbfs/mnt/raw/output_images/stable-diffusion-2/autumn-winter-Haute-Couture-collection-photographs-from-Hackett/seed1001_0.jpg,"[[[ 44  35  30]
  [ 44  35  30]
  [ 43  34  29]
  ...
  [ 36  27  22]
  [ 33  24  19]
  [ 30  21  16]]

 [[ 44  35  30]
  [ 44  35  30]
  [ 43  34  29]
  ...
  [ 36  27  22]
  [ 32  23  18]
  [ 28  19  14]]

 [[ 44  35  30]
  [ 44  35  30]
  [ 43  34  29]
  ...
  [ 35  26  21]
  [ 30  21  16]
  [ 26  17  12]]

 ...

 [[191 176 157]
  [190 175 156]
  [191 176 157]
  ...
  [191 178 162]
  [193 180 164]
  [194 181 165]]

 [[187 172 153]
  [188 173 154]
  [190 175 156]
  ...
  [191 178 162]
  [195 182 166]
  [198 185 169]]

 [[190 175 156]
  [188 173 154]
  [185 170 151]
  ...
  [184 171 155]
  [189 176 160]
  [193 180 164]]]",autumn winter Haute Couture collection photographs from Hackett,30.8937
73,/dbfs/mnt/raw/output_images/stable-diffusion-2/autumn-winter-Haute-Couture-collection-photographs-from-Hackett/seed1001_1.jpg,"[[[ 23  14  15]
  [ 23  14  15]
  [ 23  14  15]
  ...
  [131 122 105]
  [134 125 108]
  [138 129 112]]

 [[ 23  14  15]
  [ 23  14  15]
  [ 23  14  15]
  ...
  [138 129 112]
  [141 132 115]
  [143 134 117]]

 [[ 23  14  15]
  [ 23  14  15]
  [ 23  14  15]
  ...
  [140 131 114]
  [142 133 116]
  [142 133 116]]

 ...

 [[106 101  95]
  [115 110 104]
  [119 114 108]
  ...
  [ 93  88  82]
  [100  95  89]
  [103  98  92]]

 [[127 122 116]
  [119 114 108]
  [106 101  95]
  ...
  [ 86  81  75]
  [ 95  90  84]
  [105 100  94]]

 [[117 112 106]
  [126 121 115]
  [121 116 110]
  ...
  [114 109 103]
  [112 107 101]
  [107 102  96]]]",autumn winter Haute Couture collection photographs from Hackett,32.1287
74,/dbfs/mnt/raw/output_images/stable-diffusion-2/autumn-winter-Haute-Couture-collection-photographs-from-Hackett/seed1001_2.jpg,"[[[ 94  83  55]
  [ 85  73  47]
  [ 71  59  35]
  ...
  [122 106  80]
  [122 106  80]
  [121 105  79]]

 [[ 92  81  53]
  [ 86  74  48]
  [ 75  63  39]
  ...
  [123 107  81]
  [122 106  80]
  [122 106  80]]

 [[ 94  83  53]
  [ 91  80  52]
  [ 82  70  46]
  ...
  [124 108  82]
  [124 108  82]
  [123 107  81]]

 ...

 [[193 186 170]
  [191 184 168]
  [186 179 163]
  ...
  [190 183 167]
  [191 184 168]
  [192 185 169]]

 [[192 185 169]
  [190 183 167]
  [184 177 161]
  ...
  [191 184 168]
  [192 185 169]
  [193 186 170]]

 [[189 182 166]
  [188 181 165]
  [184 177 161]
  ...
  [192 185 169]
  [195 188 172]
  [197 190 174]]]",autumn winter Haute Couture collection photographs from Hackett,30.358
75,/dbfs/mnt/raw/output_images/stable-diffusion-2/autumn-winter-Haute-Couture-collection-photographs-from-Hackett/seed1001_3.jpg,"[[[149 127  90]
  [156 134  97]
  [160 138 101]
  ...
  [144 125  95]
  [163 143 116]
  [181 161 134]]

 [[149 127  90]
  [156 134  97]
  [160 138 101]
  ...
  [146 127  97]
  [164 144 117]
  [182 162 135]]

 [[149 127  90]
  [156 134  97]
  [160 138 101]
  ...
  [147 128  98]
  [164 144 117]
  [181 161 134]]

 ...

 [[ 11  13  12]
  [ 11  13  12]
  [ 10  11  13]
  ...
  [ 59  57  58]
  [ 57  55  56]
  [ 53  51  52]]

 [[ 12  14  13]
  [ 11  13  12]
  [ 11  12  14]
  ...
  [ 58  56  57]
  [ 57  55  56]
  [ 54  52  53]]

 [[ 12  14  13]
  [ 11  13  12]
  [ 11  12  14]
  ...
  [ 57  55  56]
  [ 57  55  56]
  [ 55  53  54]]]",autumn winter Haute Couture collection photographs from Hackett,31.5625
76,/dbfs/mnt/raw/output_images/stable-diffusion-2/castle/seed1001_0.jpg,"[[[132 129  62]
  [137 134  67]
  [135 134  69]
  ...
  [ 98 136  85]
  [ 93 131  80]
  [ 89 127  76]]

 [[135 132  65]
  [136 133  66]
  [132 131  66]
  ...
  [ 94 132  81]
  [100 138  87]
  [105 143  92]]

 [[140 137  68]
  [135 132  65]
  [131 130  65]
  ...
  [ 87 125  74]
  [ 93 131  80]
  [102 140  89]]

 ...

 [[132 147  44]
  [130 145  40]
  [128 146  38]
  ...
  [137 135 122]
  [140 138 125]
  [138 136 123]]

 [[131 146  43]
  [133 148  43]
  [132 150  42]
  ...
  [132 130 117]
  [141 139 126]
  [145 143 130]]

 [[127 142  39]
  [130 145  40]
  [131 149  41]
  ...
  [120 118 105]
  [124 122 109]
  [126 124 111]]]",castle,24.7624
77,/dbfs/mnt/raw/output_images/stable-diffusion-2/castle/seed1001_1.jpg,"[[[118 120  99]
  [118 120  99]
  [118 120  99]
  ...
  [111 113  89]
  [111 113  89]
  [110 112  88]]

 [[119 121 100]
  [119 121 100]
  [118 120  99]
  ...
  [116 118  94]
  [117 119  95]
  [116 118  94]]

 [[120 122 101]
  [119 121 100]
  [118 120  99]
  ...
  [115 117  95]
  [117 119  97]
  [116 118  96]]

 ...

 [[130 121 104]
  [123 114  97]
  [123 114  97]
  ...
  [116 109  93]
  [123 116 100]
  [124 117 101]]

 [[142 133 116]
  [132 123 106]
  [125 116  99]
  ...
  [101  94  78]
  [113 106  90]
  [126 119 103]]

 [[130 121 104]
  [137 128 111]
  [138 129 112]
  ...
  [121 114  98]
  [122 115  99]
  [126 119 103]]]",castle,26.8308
78,/dbfs/mnt/raw/output_images/stable-diffusion-2/castle/seed1001_2.jpg,"[[[ 53  73  38]
  [ 47  66  34]
  [ 47  66  36]
  ...
  [ 96 120  46]
  [ 90 114  40]
  [ 78 102  28]]

 [[ 51  71  34]
  [ 57  77  42]
  [ 57  76  44]
  ...
  [ 95 119  45]
  [ 92 116  42]
  [ 91 114  42]]

 [[ 55  76  35]
  [ 72  93  54]
  [ 73  93  56]
  ...
  [ 89 113  39]
  [ 86 109  37]
  [ 89 112  40]]

 ...

 [[ 31  53   4]
  [ 50  72  23]
  [ 45  68  16]
  ...
  [158 154 143]
  [160 156 145]
  [155 151 140]]

 [[ 57  79  33]
  [ 41  63  17]
  [ 41  63  16]
  ...
  [150 146 135]
  [148 144 133]
  [139 135 124]]

 [[ 47  68  27]
  [ 40  61  18]
  [ 62  83  40]
  ...
  [146 142 131]
  [141 137 126]
  [127 123 112]]]",castle,24.8871
79,/dbfs/mnt/raw/output_images/stable-diffusion-2/castle/seed1001_3.jpg,"[[[114 111  94]
  [115 112  95]
  [117 114  97]
  ...
  [102 106  89]
  [ 94  98  81]
  [ 87  91  74]]

 [[120 117 100]
  [120 117 100]
  [119 116  99]
  ...
  [100 104  87]
  [ 97 101  84]
  [ 93  97  80]]

 [[119 116  99]
  [116 113  96]
  [113 110  93]
  ...
  [ 95  99  82]
  [ 96 100  83]
  [ 96 100  83]]

 ...

 [[  9  11   8]
  [ 11  13  10]
  [ 11  13  10]
  ...
  [ 75  75  87]
  [ 74  74  86]
  [ 71  71  83]]

 [[ 14  16  13]
  [ 15  17  14]
  [ 15  17  14]
  ...
  [ 75  75  87]
  [ 72  72  84]
  [ 69  69  81]]

 [[ 18  20  17]
  [ 19  21  18]
  [ 18  20  17]
  ...
  [ 72  72  84]
  [ 68  68  80]
  [ 64  64  76]]]",castle,27.3618
80,/dbfs/mnt/raw/output_images/stable-diffusion-2/denim-jeans-pants/seed1001_0.jpg,"[[[218 182 148]
  [213 177 143]
  [207 171 135]
  ...
  [211 212 217]
  [210 213 218]
  [210 213 218]]

 [[218 182 148]
  [214 178 144]
  [209 173 137]
  ...
  [207 212 218]
  [208 213 219]
  [208 213 219]]

 [[217 181 149]
  [215 179 145]
  [212 176 142]
  ...
  [205 212 222]
  [205 214 223]
  [205 214 223]]

 ...

 [[200 151 118]
  [193 144 111]
  [187 139 103]
  ...
  [204 164 139]
  [196 156 130]
  [192 152 126]]

 [[199 150 117]
  [192 143 110]
  [190 142 106]
  ...
  [198 158 133]
  [195 155 129]
  [198 158 132]]

 [[198 149 116]
  [192 143 110]
  [193 145 109]
  ...
  [193 153 128]
  [195 155 129]
  [203 163 137]]]",denim jeans pants,29.2401
81,/dbfs/mnt/raw/output_images/stable-diffusion-2/denim-jeans-pants/seed1001_1.jpg,"[[[151 141 139]
  [144 134 132]
  [138 128 126]
  ...
  [122 119 114]
  [141 138 133]
  [149 146 141]]

 [[144 134 132]
  [154 144 142]
  [144 134 132]
  ...
  [126 123 118]
  [140 137 132]
  [145 142 137]]

 [[150 140 138]
  [159 149 147]
  [144 134 132]
  ...
  [138 135 130]
  [145 142 137]
  [148 145 140]]

 ...

 [[162 157 153]
  [158 153 149]
  [140 135 131]
  ...
  [133 133 131]
  [153 153 151]
  [160 160 158]]

 [[165 160 156]
  [162 157 153]
  [150 145 141]
  ...
  [135 135 133]
  [158 158 156]
  [164 164 162]]

 [[161 156 152]
  [160 155 151]
  [160 155 151]
  ...
  [139 139 137]
  [158 158 156]
  [159 159 157]]]",denim jeans pants,29.5075
82,/dbfs/mnt/raw/output_images/stable-diffusion-2/denim-jeans-pants/seed1001_2.jpg,"[[[107 102  82]
  [ 81  76  56]
  [ 49  44  25]
  ...
  [222 219 200]
  [219 218 198]
  [216 217 199]]

 [[112 107  87]
  [ 90  85  66]
  [ 61  55  39]
  ...
  [222 219 200]
  [219 218 200]
  [216 217 199]]

 [[113 106  90]
  [ 97  90  74]
  [ 72  64  51]
  ...
  [222 219 200]
  [219 218 200]
  [217 218 200]]

 ...

 [[148 146 134]
  [143 141 129]
  [138 136 124]
  ...
  [170 167 160]
  [165 162 155]
  [154 151 144]]

 [[152 150 138]
  [144 142 130]
  [135 133 121]
  ...
  [170 167 160]
  [165 162 155]
  [152 149 142]]

 [[150 148 136]
  [149 147 135]
  [148 146 134]
  ...
  [160 157 150]
  [155 152 145]
  [142 139 132]]]",denim jeans pants,29.85
83,/dbfs/mnt/raw/output_images/stable-diffusion-2/denim-jeans-pants/seed1001_3.jpg,"[[[234 181 103]
  [228 175  97]
  [222 169  91]
  ...
  [205 152  84]
  [218 165  99]
  [242 189 123]]

 [[233 180 102]
  [227 174  96]
  [222 169  91]
  ...
  [205 152  84]
  [218 165  99]
  [241 188 122]]

 [[231 178 100]
  [226 173  95]
  [223 170  92]
  ...
  [205 152  84]
  [217 164  98]
  [240 187 121]]

 ...

 [[ 37  50  82]
  [ 31  44  76]
  [ 15  30  63]
  ...
  [ 86  45  27]
  [ 89  48  30]
  [ 92  51  33]]

 [[ 49  59  94]
  [ 49  62  96]
  [ 37  50  84]
  ...
  [ 87  46  28]
  [ 90  49  31]
  [ 92  51  33]]

 [[ 44  54  89]
  [ 45  58  92]
  [ 29  42  76]
  ...
  [ 87  46  28]
  [ 90  49  31]
  [ 92  51  33]]]",denim jeans pants,26.0953
84,/dbfs/mnt/raw/output_images/stable-diffusion-2/matching-socks/seed1001_0.jpg,"[[[191 165 142]
  [190 164 141]
  [188 162 139]
  ...
  [ 77  97 108]
  [ 78  98 109]
  [ 79  99 110]]

 [[190 164 141]
  [189 163 140]
  [188 162 139]
  ...
  [ 78  98 107]
  [ 80 100 109]
  [ 81 101 110]]

 [[188 162 139]
  [189 163 140]
  [189 163 140]
  ...
  [ 79  97 107]
  [ 81  99 109]
  [ 83 101 111]]

 ...

 [[149 139 127]
  [146 136 124]
  [148 138 126]
  ...
  [163 155 144]
  [154 146 135]
  [148 140 129]]

 [[146 136 124]
  [155 145 133]
  [161 151 139]
  ...
  [154 146 135]
  [161 153 142]
  [148 140 129]]

 [[153 143 131]
  [158 148 136]
  [157 147 135]
  ...
  [141 133 122]
  [155 147 136]
  [137 129 118]]]",matching socks,30.9192
85,/dbfs/mnt/raw/output_images/stable-diffusion-2/matching-socks/seed1001_1.jpg,"[[[ 94  84  72]
  [109  99  87]
  [102  92  80]
  ...
  [ 88  84  73]
  [ 94  90  79]
  [ 89  85  74]]

 [[ 90  80  68]
  [103  93  81]
  [ 99  89  77]
  ...
  [ 92  88  77]
  [100  96  85]
  [ 97  93  82]]

 [[ 97  87  75]
  [100  90  78]
  [ 97  87  75]
  ...
  [ 93  89  78]
  [102  98  87]
  [102  98  87]]

 ...

 [[137 128 119]
  [119 110 101]
  [117 108  99]
  ...
  [113 112 107]
  [122 121 116]
  [128 127 122]]

 [[141 132 123]
  [130 121 112]
  [122 113 104]
  ...
  [111 110 105]
  [118 117 112]
  [123 122 117]]

 [[132 123 114]
  [139 130 121]
  [136 127 118]
  ...
  [112 111 106]
  [115 114 109]
  [118 117 112]]]",matching socks,30.9829
86,/dbfs/mnt/raw/output_images/stable-diffusion-2/matching-socks/seed1001_2.jpg,"[[[ 87  85  44]
  [ 91  88  53]
  [ 47  42  22]
  ...
  [219 217 196]
  [217 215 194]
  [216 214 193]]

 [[ 76  74  33]
  [ 89  86  53]
  [ 54  49  29]
  ...
  [221 219 198]
  [220 218 197]
  [219 217 196]]

 [[ 62  60  21]
  [ 88  85  52]
  [ 66  61  41]
  ...
  [223 221 200]
  [222 220 199]
  [221 219 198]]

 ...

 [[157 159 146]
  [153 155 142]
  [150 152 139]
  ...
  [171 173 160]
  [168 170 157]
  [162 164 151]]

 [[158 160 147]
  [154 156 143]
  [150 152 139]
  ...
  [172 174 161]
  [169 171 158]
  [162 164 151]]

 [[164 166 153]
  [159 161 148]
  [154 156 143]
  ...
  [171 173 160]
  [169 171 158]
  [162 164 151]]]",matching socks,29.551
87,/dbfs/mnt/raw/output_images/stable-diffusion-2/matching-socks/seed1001_3.jpg,"[[[221 170 125]
  [219 168 123]
  [217 166 121]
  ...
  [ 60  52  39]
  [ 69  61  50]
  [ 63  55  44]]

 [[221 170 125]
  [218 167 122]
  [216 165 120]
  ...
  [ 66  58  45]
  [ 74  66  55]
  [ 67  59  48]]

 [[220 169 124]
  [217 166 121]
  [215 164 119]
  ...
  [ 65  57  44]
  [ 73  65  54]
  [ 68  60  49]]

 ...

 [[ 14  19  22]
  [ 15  20  23]
  [ 16  21  24]
  ...
  [ 26  22  23]
  [ 26  22  23]
  [ 27  23  24]]

 [[ 17  22  25]
  [ 18  23  26]
  [ 19  24  27]
  ...
  [ 26  22  23]
  [ 27  23  24]
  [ 27  23  24]]

 [[ 20  25  28]
  [ 21  26  29]
  [ 20  25  28]
  ...
  [ 27  23  24]
  [ 27  23  24]
  [ 27  23  24]]]",matching socks,29.0386
88,/dbfs/mnt/raw/output_images/stable-diffusion-2/running-shoes/seed1001_0.jpg,"[[[197  77 175]
  [196  76 174]
  [195  73 172]
  ...
  [  0 177 154]
  [  0 179 156]
  [  0 180 157]]

 [[195  75 173]
  [195  75 173]
  [195  73 172]
  ...
  [  3 174 155]
  [  4 175 156]
  [  3 176 156]]

 [[193  73 171]
  [193  73 171]
  [195  73 172]
  ...
  [ 10 172 157]
  [ 10 172 157]
  [ 10 172 157]]

 ...

 [[175 161 132]
  [161 147 118]
  [152 138 109]
  ...
  [175 165 138]
  [171 161 134]
  [161 151 124]]

 [[156 142 113]
  [152 138 109]
  [155 141 112]
  ...
  [155 145 118]
  [167 157 130]
  [154 144 117]]

 [[164 150 121]
  [159 145 116]
  [159 145 116]
  ...
  [146 136 109]
  [169 159 132]
  [153 143 116]]]",running shoes,28.4051
89,/dbfs/mnt/raw/output_images/stable-diffusion-2/running-shoes/seed1001_1.jpg,"[[[122 119 114]
  [133 130 125]
  [128 125 120]
  ...
  [ 96  93  86]
  [107 104  97]
  [118 115 108]]

 [[133 130 125]
  [138 135 130]
  [129 126 121]
  ...
  [113 110 103]
  [125 122 115]
  [129 126 119]]

 [[120 117 112]
  [126 123 118]
  [128 125 120]
  ...
  [103 100  93]
  [113 110 103]
  [115 112 105]]

 ...

 [[144 140 137]
  [121 117 114]
  [114 110 107]
  ...
  [123 122 120]
  [115 114 112]
  [121 120 118]]

 [[145 141 138]
  [134 130 127]
  [130 126 123]
  ...
  [ 90  89  87]
  [121 120 118]
  [139 138 136]]

 [[142 138 135]
  [144 140 137]
  [141 137 134]
  ...
  [ 85  84  82]
  [118 117 115]
  [114 113 111]]]",running shoes,28.9383
90,/dbfs/mnt/raw/output_images/stable-diffusion-2/running-shoes/seed1001_2.jpg,"[[[ 94  76  38]
  [ 98  80  44]
  [ 99  83  50]
  ...
  [144 128 102]
  [145 129 103]
  [146 130 104]]

 [[104  86  48]
  [108  90  54]
  [108  92  58]
  ...
  [151 135 109]
  [146 130 104]
  [144 128 102]]

 [[114  96  58]
  [117  99  61]
  [119 100  67]
  ...
  [150 134 108]
  [145 129 103]
  [142 126 100]]

 ...

 [[163 149 123]
  [154 140 114]
  [145 131 105]
  ...
  [208 193 172]
  [194 179 158]
  [171 156 135]]

 [[158 144 118]
  [151 137 111]
  [145 131 105]
  ...
  [214 199 178]
  [197 182 161]
  [168 153 132]]

 [[168 154 128]
  [164 150 124]
  [160 146 120]
  ...
  [211 196 175]
  [191 176 155]
  [158 143 122]]]",running shoes,28.2203
91,/dbfs/mnt/raw/output_images/stable-diffusion-2/running-shoes/seed1001_3.jpg,"[[[131 115 100]
  [133 117 102]
  [132 116 101]
  ...
  [ 92  84  73]
  [ 83  75  64]
  [ 76  68  57]]

 [[132 116 101]
  [136 120 105]
  [136 120 105]
  ...
  [ 92  84  73]
  [ 87  79  68]
  [ 84  76  65]]

 [[140 124 109]
  [139 123 108]
  [133 117 102]
  ...
  [ 85  77  66]
  [ 84  76  65]
  [ 86  78  67]]

 ...

 [[ 67  63  60]
  [ 59  55  52]
  [ 61  57  54]
  ...
  [ 74  64  63]
  [ 72  62  61]
  [ 68  58  57]]

 [[ 74  70  67]
  [ 64  60  57]
  [ 65  61  58]
  ...
  [ 61  51  50]
  [ 60  50  49]
  [ 59  49  48]]

 [[ 71  67  64]
  [ 58  54  51]
  [ 58  54  51]
  ...
  [ 54  44  43]
  [ 56  46  45]
  [ 59  49  48]]]",running shoes,28.5299
92,/dbfs/mnt/raw/output_images/stable-diffusion-2/sneakers/seed1001_0.jpg,"[[[144  75  68]
  [144  75  68]
  [145  76  69]
  ...
  [ 36  37  39]
  [ 37  38  40]
  [ 39  40  42]]

 [[144  75  68]
  [144  75  68]
  [145  76  69]
  ...
  [ 34  35  37]
  [ 35  36  38]
  [ 37  38  40]]

 [[144  75  68]
  [144  75  68]
  [145  76  69]
  ...
  [ 37  38  40]
  [ 38  39  41]
  [ 40  41  43]]

 ...

 [[157 145 133]
  [170 158 146]
  [144 132 120]
  ...
  [185 175 163]
  [185 175 163]
  [171 161 149]]

 [[153 141 129]
  [157 145 133]
  [162 150 138]
  ...
  [179 169 157]
  [181 171 159]
  [178 168 156]]

 [[164 152 140]
  [158 146 134]
  [155 143 131]
  ...
  [169 159 147]
  [170 160 148]
  [175 165 153]]]",sneakers,27.6473
93,/dbfs/mnt/raw/output_images/stable-diffusion-2/sneakers/seed1001_1.jpg,"[[[ 99  99  99]
  [113 113 113]
  [105 105 105]
  ...
  [100  97  92]
  [103 100  95]
  [106 103  98]]

 [[ 83  83  83]
  [100 100 100]
  [101 101 101]
  ...
  [102  99  94]
  [105 102  97]
  [108 105 100]]

 [[103 103 103]
  [111 111 111]
  [110 110 110]
  ...
  [103 100  95]
  [106 103  98]
  [109 106 101]]

 ...

 [[ 96  95 100]
  [ 96  95 101]
  [ 99  99 107]
  ...
  [ 89  93 102]
  [ 92  96 105]
  [ 96 100 109]]

 [[ 97  96 101]
  [ 97  96 101]
  [ 99  99 107]
  ...
  [ 92  96 105]
  [ 93  97 106]
  [ 93  97 106]]

 [[101  99 104]
  [ 99  98 103]
  [100 100 108]
  ...
  [ 90  94 103]
  [ 88  92 101]
  [ 85  89  98]]]",sneakers,29.6767
94,/dbfs/mnt/raw/output_images/stable-diffusion-2/sneakers/seed1001_2.jpg,"[[[ 61  49  27]
  [ 48  37  17]
  [ 31  22   5]
  ...
  [161 152 135]
  [158 149 132]
  [156 147 130]]

 [[ 62  48  22]
  [ 51  39  17]
  [ 37  26   8]
  ...
  [161 152 135]
  [159 150 133]
  [157 148 131]]

 [[ 69  54  25]
  [ 61  45  19]
  [ 48  33  10]
  ...
  [162 153 136]
  [160 151 134]
  [158 149 132]]

 ...

 [[151 144 128]
  [149 142 126]
  [146 139 123]
  ...
  [168 161 145]
  [166 159 143]
  [162 155 139]]

 [[152 145 129]
  [149 142 126]
  [146 139 123]
  ...
  [169 162 146]
  [166 159 143]
  [159 152 136]]

 [[157 150 134]
  [153 146 130]
  [149 142 126]
  ...
  [168 161 145]
  [164 157 141]
  [156 149 133]]]",sneakers,24.9394
95,/dbfs/mnt/raw/output_images/stable-diffusion-2/sneakers/seed1001_3.jpg,"[[[177 161 146]
  [176 160 145]
  [176 160 145]
  ...
  [173 161 145]
  [173 161 145]
  [173 161 145]]

 [[180 164 149]
  [177 161 146]
  [175 159 144]
  ...
  [173 161 145]
  [172 160 144]
  [172 160 144]]

 [[182 166 151]
  [178 162 147]
  [174 158 143]
  ...
  [174 162 146]
  [172 160 144]
  [171 159 143]]

 ...

 [[  6   7  11]
  [  8   9  13]
  [  9  10  14]
  ...
  [105  93  81]
  [107  95  83]
  [109  97  85]]

 [[  5   6  10]
  [  7   8  12]
  [  9  10  14]
  ...
  [104  91  82]
  [104  92  80]
  [104  92  80]]

 [[  4   5   9]
  [  7   8  12]
  [  9  10  14]
  ...
  [105  92  83]
  [103  90  81]
  [100  87  78]]]",sneakers,27.6254
96,"/dbfs/mnt/raw/output_images/stable-diffusion-2/someone-is-holding-a-pair-of-shoes-that-are-grey-and-white,-an-ai-generated-image,-planters,-listing-image,-iso-160,-product-picture,-hands-which-exchange-seeds,-instagram,-blurry-image,-white-tracing,-asian-male,-gray-background,-photo-for-a-store,-seeds,-canvas,-more-details,-screencapture/seed1001_0.jpg","[[[130 138 149]
  [126 134 145]
  [121 129 140]
  ...
  [ 36  45  50]
  [ 38  47  52]
  [ 39  48  53]]

 [[129 137 148]
  [125 133 144]
  [120 128 139]
  ...
  [ 39  48  53]
  [ 40  49  54]
  [ 41  50  55]]

 [[128 136 147]
  [124 132 143]
  [119 127 138]
  ...
  [ 38  47  52]
  [ 39  48  53]
  [ 40  49  54]]

 ...

 [[163 152 148]
  [154 143 139]
  [148 137 133]
  ...
  [146 137 132]
  [140 131 126]
  [138 129 124]]

 [[160 149 145]
  [155 144 140]
  [153 142 138]
  ...
  [135 126 121]
  [135 126 121]
  [139 130 125]]

 [[152 141 137]
  [151 140 136]
  [152 141 137]
  ...
  [130 121 116]
  [135 126 121]
  [145 136 131]]]","someone is holding a pair of shoes that are grey and white, an ai generated image, planters, listing image, iso 160, product picture, hands which exchange seeds, instagram, blurry image, white tracing, asian male, gray background, photo for a store, seeds, canvas, more details, screencapture",33.3829
97,"/dbfs/mnt/raw/output_images/stable-diffusion-2/someone-is-holding-a-pair-of-shoes-that-are-grey-and-white,-an-ai-generated-image,-planters,-listing-image,-iso-160,-product-picture,-hands-which-exchange-seeds,-instagram,-blurry-image,-white-tracing,-asian-male,-gray-background,-photo-for-a-store,-seeds,-canvas,-more-details,-screencapture/seed1001_1.jpg","[[[125 129 130]
  [135 139 140]
  [124 128 129]
  ...
  [116 122 122]
  [117 123 123]
  [119 125 125]]

 [[118 122 123]
  [134 138 139]
  [132 136 137]
  ...
  [116 122 122]
  [118 124 124]
  [119 125 125]]

 [[121 125 126]
  [132 136 137]
  [131 135 136]
  ...
  [118 124 124]
  [119 125 125]
  [121 127 127]]

 ...

 [[195 116  73]
  [194 115  72]
  [192 113  70]
  ...
  [118 124 124]
  [117 123 123]
  [114 120 120]]

 [[195 116  75]
  [193 114  73]
  [191 112  71]
  ...
  [111 117 117]
  [122 128 128]
  [128 134 134]]

 [[195 116  75]
  [192 113  72]
  [190 111  70]
  ...
  [118 124 124]
  [114 120 120]
  [107 113 113]]]","someone is holding a pair of shoes that are grey and white, an ai generated image, planters, listing image, iso 160, product picture, hands which exchange seeds, instagram, blurry image, white tracing, asian male, gray background, photo for a store, seeds, canvas, more details, screencapture",34.773
98,"/dbfs/mnt/raw/output_images/stable-diffusion-2/someone-is-holding-a-pair-of-shoes-that-are-grey-and-white,-an-ai-generated-image,-planters,-listing-image,-iso-160,-product-picture,-hands-which-exchange-seeds,-instagram,-blurry-image,-white-tracing,-asian-male,-gray-background,-photo-for-a-store,-seeds,-canvas,-more-details,-screencapture/seed1001_2.jpg","[[[126 132 130]
  [126 132 130]
  [125 131 129]
  ...
  [152 158 158]
  [152 158 158]
  [152 158 158]]

 [[126 132 130]
  [126 132 130]
  [125 131 129]
  ...
  [152 158 158]
  [152 158 158]
  [152 158 158]]

 [[126 132 130]
  [126 132 130]
  [126 132 130]
  ...
  [152 158 158]
  [152 158 158]
  [152 158 158]]

 ...

 [[111 117 113]
  [111 117 113]
  [110 116 112]
  ...
  [145 151 151]
  [145 151 151]
  [145 151 151]]

 [[110 116 112]
  [110 116 112]
  [110 116 112]
  ...
  [145 151 151]
  [145 151 151]
  [145 151 151]]

 [[110 116 112]
  [110 116 112]
  [109 115 111]
  ...
  [145 151 151]
  [145 151 151]
  [145 151 151]]]","someone is holding a pair of shoes that are grey and white, an ai generated image, planters, listing image, iso 160, product picture, hands which exchange seeds, instagram, blurry image, white tracing, asian male, gray background, photo for a store, seeds, canvas, more details, screencapture",35.8392
99,"/dbfs/mnt/raw/output_images/stable-diffusion-2/someone-is-holding-a-pair-of-shoes-that-are-grey-and-white,-an-ai-generated-image,-planters,-listing-image,-iso-160,-product-picture,-hands-which-exchange-seeds,-instagram,-blurry-image,-white-tracing,-asian-male,-gray-background,-photo-for-a-store,-seeds,-canvas,-more-details,-screencapture/seed1001_3.jpg","[[[161 161 161]
  [161 161 161]
  [161 161 161]
  ...
  [115 119 120]
  [115 119 120]
  [115 119 120]]

 [[161 161 161]
  [161 161 161]
  [161 161 161]
  ...
  [115 119 120]
  [115 119 120]
  [115 119 120]]

 [[161 161 161]
  [161 161 161]
  [161 161 161]
  ...
  [115 119 120]
  [115 119 120]
  [115 119 120]]

 ...

 [[  6  17  23]
  [  6  17  23]
  [  6  17  23]
  ...
  [ 75  74  79]
  [ 75  74  79]
  [ 75  74  79]]

 [[  5  16  22]
  [  5  16  22]
  [  5  16  22]
  ...
  [ 75  74  79]
  [ 75  74  79]
  [ 75  74  79]]

 [[  4  15  21]
  [  4  15  21]
  [  4  15  21]
  ...
  [ 75  74  79]
  [ 75  74  79]
  [ 75  74  79]]]","someone is holding a pair of shoes that are grey and white, an ai generated image, planters, listing image, iso 160, product picture, hands which exchange seeds, instagram, blurry image, white tracing, asian male, gray background, photo for a store, seeds, canvas, more details, screencapture",33.1053
100,/dbfs/mnt/raw/output_images/stable-diffusion-2/the-Empire-State-Building/seed1001_0.jpg,"[[[190 191 212]
  [190 191 212]
  [188 189 210]
  ...
  [ 65 128 182]
  [ 66 129 183]
  [ 67 130 184]]

 [[190 191 212]
  [190 191 212]
  [187 188 209]
  ...
  [ 28 116 164]
  [ 28 116 164]
  [ 28 116 164]]

 [[190 191 212]
  [189 190 211]
  [186 187 208]
  ...
  [ 34 143 184]
  [ 34 143 184]
  [ 34 143 184]]

 ...

 [[ 34  29  33]
  [ 33  27  29]
  [ 25  17  15]
  ...
  [130 120 111]
  [129 119 110]
  [121 111 101]]

 [[ 35  31  32]
  [ 31  25  25]
  [ 23  13  12]
  ...
  [ 85  72  64]
  [ 83  70  61]
  [ 90  77  68]]

 [[ 45  39  41]
  [ 37  31  31]
  [ 26  16  14]
  ...
  [ 75  62  53]
  [ 68  55  46]
  [100  87  78]]]",the Empire State Building,28.8836
101,/dbfs/mnt/raw/output_images/stable-diffusion-2/the-Empire-State-Building/seed1001_1.jpg,"[[[193 218 215]
  [193 218 215]
  [193 218 215]
  ...
  [182 217 213]
  [183 218 212]
  [183 218 212]]

 [[193 218 215]
  [193 218 215]
  [193 218 215]
  ...
  [183 218 214]
  [183 218 212]
  [183 218 212]]

 [[193 217 217]
  [193 217 217]
  [193 217 217]
  ...
  [183 218 212]
  [184 219 213]
  [184 219 213]]

 ...

 [[150  92  80]
  [126  74  53]
  [126  81  50]
  ...
  [ 10  16  16]
  [ 17  26  25]
  [ 33  42  39]]

 [[127  70  63]
  [113  61  47]
  [115  70  47]
  ...
  [ 24  34  33]
  [ 29  41  37]
  [ 27  40  33]]

 [[129  71  69]
  [122  70  59]
  [121  76  57]
  ...
  [ 43  55  53]
  [ 57  72  65]
  [ 58  73  66]]]",the Empire State Building,30.2961
102,/dbfs/mnt/raw/output_images/stable-diffusion-2/the-Empire-State-Building/seed1001_2.jpg,"[[[ 37  60  68]
  [ 25  48  56]
  [ 26  49  57]
  ...
  [117 136 166]
  [119 140 171]
  [119 142 174]]

 [[ 41  61  72]
  [ 33  53  64]
  [ 33  53  64]
  ...
  [115 134 164]
  [120 141 172]
  [121 144 176]]

 [[ 47  65  79]
  [ 44  62  76]
  [ 44  62  76]
  ...
  [116 135 165]
  [122 143 174]
  [123 146 178]]

 ...

 [[ 77  76  81]
  [ 75  74  79]
  [ 80  79  84]
  ...
  [181 169 145]
  [218 204 178]
  [175 159 133]]

 [[ 78  78  80]
  [ 73  73  75]
  [ 77  77  79]
  ...
  [189 175 149]
  [218 202 176]
  [173 156 128]]

 [[ 76  76  78]
  [ 68  68  70]
  [ 69  69  71]
  ...
  [190 176 150]
  [224 209 180]
  [184 167 137]]]",the Empire State Building,30.5467
103,/dbfs/mnt/raw/output_images/stable-diffusion-2/the-Empire-State-Building/seed1001_3.jpg,"[[[128 128 128]
  [128 128 128]
  [128 128 128]
  ...
  [140 140 138]
  [140 140 138]
  [140 140 138]]

 [[128 128 128]
  [128 128 128]
  [128 128 128]
  ...
  [140 140 138]
  [140 140 138]
  [140 140 138]]

 [[128 128 128]
  [128 128 128]
  [128 128 128]
  ...
  [140 140 138]
  [140 140 138]
  [140 140 138]]

 ...

 [[  3   3   3]
  [  9   9   9]
  [ 17  17  17]
  ...
  [ 57  57  57]
  [ 53  53  53]
  [ 52  52  52]]

 [[ 15  15  15]
  [ 15  15  15]
  [ 17  17  17]
  ...
  [ 55  55  55]
  [ 51  51  51]
  [ 52  52  52]]

 [[ 29  29  29]
  [ 21  21  21]
  [ 14  14  14]
  ...
  [ 50  50  50]
  [ 47  47  47]
  [ 48  48  48]]]",the Empire State Building,29.1943
